ID,geneProtein_label,therapy_label,disease_label,drug_label,NDCCode_label,negGeProDr_label,firstLine,acceleratedApproval,metastatic
0,aromatase,Abemaciclib,Breast cancer,VERZENIO- abemaciclib tablet,"0002-4483-54, 0002-4483-62, 0002-4815-54, 0002-4815-62, 0002-5337-54, 0002-5337-62, 0002-5337-63, 0002-6216-54",,,,Yes
1,*,Abiraterone Acetate,Prostate cancer,ZYTIGA- abiraterone acetate tablet,"57894-150-12, 57894-150-25, 57894-195-06, 57894-195-15",,,,
2,*,Acalabrutinib Maleate Monohydrate,Chronic lymphocytic leukemia,"CALQUENCE- acalabrutinib capsule, gelatin coated","0310-0512-28, 0310-0512-60, 0310-0512-95",,,,
3,*,Acalabrutinib Maleate Monohydrate,small lymphocytic lymphoma,"CALQUENCE- acalabrutinib capsule, gelatin coated","0310-0512-28, 0310-0512-60, 0310-0512-95",,,,
4,*,Acalabrutinib Maleate Monohydrate,Mantle cell lymphoma,"CALQUENCE- acalabrutinib capsule, gelatin coated","0310-0512-28, 0310-0512-60, 0310-0512-95",,Yes,,
5,KRAS,Adagrasib,Non-small cell lung cancer,"KRAZATI- adagrasib tablet, coated","80739-812-12, 80739-812-18",,,Yes,Yes
6,"DOR [, KRAS",Adagrasib,Colorectal cancer,"KRAZATI- adagrasib tablet, coated","80739-812-12, 80739-812-18",,,Yes,Yes
7,*,Ado-Trastuzumab Emtansine,Breast cancer,"KADCYLA- ado-trastuzumab emtansine injection, powder, lyophilized, for solution","50242-087-01, 50242-088-01",,,,Yes
8,*,Afamitresgene Autoleucel,synovial sarcoma,"TECELRA- afamitresgene autoleucel injection, suspension",83205-0001-2,,,,
9,"EGFR, epidermal growth factor receptor",Afatinib Dimaleate,Non-small cell lung cancer,"GILOTRIF- afatinib tablet, film coated","0597-0137-30, 0597-0137-90, 0597-0138-30, 0597-0138-95, 0597-0141-30",,Yes,,Yes
10,*,Aldesleukin,Melanoma,"PROLEUKIN- aldesleukin injection, powder, lyophilized, for solution",65483-116-07,,,,
11,*,Aldesleukin,Renal cell carcinoma,"PROLEUKIN- aldesleukin injection, powder, lyophilized, for solution",65483-116-07,,,,
12,*,Alectinib,Non-small cell lung cancer,ALECENSA- alectinib hydrochloride capsule,"50242-130-01, 50242-130-86",,,,
13,*,Alemtuzumab,B-cell chronic lymphocytic leukemia,CAMPATH- alemtuzumab injection,"58468-0357-1, 58468-0357-3",,,,
14,*,Alpelisib,Breast cancer,PIQRAY- alpelisib tablet,"0078-0701-51, 0078-0701-84, 0078-0708-02, 0078-0708-51, 0078-0708-90, 0078-0708-91, 0078-0715-02, 0078-0715-61, 0078-0715-91, 0078-0715-94",,,,
15,*,Amifostine,Xerostomia,ETHYOL- amifostine injection,"83107-030-01, 83107-030-02",,,,
16,*,Amifostine,Renal (kidney) toxicity,ETHYOL- amifostine injection,"83107-030-01, 83107-030-02",,,,
17,*,Aminolevulinic Acid Hydrochloride,Actinic keratosis,,,,,,
18,*,Amivantamab-vmjw,non-small cell lung cancer,RYBREVANT- amivantamab-vmjw injection,"57894-501-00, 57894-501-01",,,,
19,*,Anastrozole,Breast cancer,,,,,,
20,*,Apalutamide,Prostatecancer.,"ERLEADA- apalutamide tablet, film coated","59676-600-12, 59676-600-56, 59676-600-99, 59676-604-14, 59676-604-30",,,,
21,*,Aprepitant,Nausea,,,,,,
22,*,Aprepitant,vomiting,,,,,,
23,*,Arsenic Trioxide,Acute promyelocytic leukemia,"TRISENOX- arsenic trioxide injection, solution","63459-601-06, 63459-601-11",,,,
24,*,Asciminib Hydrochloride,chronic myelogenous leukemia,"SCEMBLIX- asciminib tablet, film coated","0078-1091-20, 0078-1091-94, 0078-1098-05, 0078-1098-20, 0078-1098-30, 0078-1098-94, 0078-1196-20",,,,
25,*,Asparaginase Erwinia Chrysanthemi,Acute lymphoblastic leukemia,,,,,,
26,*,Asparaginase Erwinia Chrysanthemi (Recombinant)-rywn,Acute lymphoblastic leukemia,RYLAZE (asparaginase erwinia chrysanthemi- recombinant-rywn injection,"68727-900-01, 68727-900-03",,,,
27,*,Asparaginase Erwinia Chrysanthemi (Recombinant)-rywn,Lymphoblastic lymphoma,RYLAZE (asparaginase erwinia chrysanthemi- recombinant-rywn injection,"68727-900-01, 68727-900-03",,,,
28,"TECENTRIQ, BRAF",Atezolizumab,Melanoma,"TECENTRIQ- atezolizumab injection, solution","50242-917-01, 50242-917-86, 50242-918-01",,,,Yes
29,TECENTRIQ,Atezolizumab,Alveolar soft part sarcoma,"TECENTRIQ- atezolizumab injection, solution","50242-917-01, 50242-917-86, 50242-918-01",,,,Yes
30,"EGFR, TC, TECENTRIQ, PD-L1, tumor-infiltrating immune cells [IC, ALK",Atezolizumab,Non-small cell lung cancer,"TECENTRIQ- atezolizumab injection, solution","50242-917-01, 50242-917-86, 50242-918-01",,Yes,,Yes
31,"EGFR, TC, TECENTRIQ, PD-L1, tumor-infiltrating immune cells [IC, ALK",Atezolizumab,Small cell lung cancer,"TECENTRIQ- atezolizumab injection, solution","50242-917-01, 50242-917-86, 50242-918-01",,Yes,,Yes
32,TECENTRIQ,Atezolizumab,Hepatocellular carcinoma,"TECENTRIQ- atezolizumab injection, solution","50242-917-01, 50242-917-86, 50242-918-01",,,,Yes
33,BRAF,Atezolizumab and Hyaluronidase-tqjs,Melanoma,TECENTRIQ HYBREZA- atezolizumab and hyaluronidase-tqjs injection,"50242-933-01, 50242-933-86",,,,Yes
34,*,Atezolizumab and Hyaluronidase-tqjs,Alveolar soft part sarcoma,TECENTRIQ HYBREZA- atezolizumab and hyaluronidase-tqjs injection,"50242-933-01, 50242-933-86",,,,Yes
35,"EGFR, TC, PD-L1, tumor-infiltrating immune cells [IC, ALK",Atezolizumab and Hyaluronidase-tqjs,Non-small cell lung cancer,TECENTRIQ HYBREZA- atezolizumab and hyaluronidase-tqjs injection,"50242-933-01, 50242-933-86",,Yes,,Yes
36,"EGFR, TC, TECENTRIQ, PD-L1, tumor-infiltrating immune cells [IC, ALK",Atezolizumab and Hyaluronidase-tqjs,Small cell lung cancer,TECENTRIQ HYBREZA- atezolizumab and hyaluronidase-tqjs injection,"50242-933-01, 50242-933-86",,Yes,,Yes
37,*,Atezolizumab and Hyaluronidase-tqjs,Hepatocellular carcinoma,TECENTRIQ HYBREZA- atezolizumab and hyaluronidase-tqjs injection,"50242-933-01, 50242-933-86",,,,Yes
38,"PDGFRA, platelet-derived growth factor receptor alpha",Avapritinib,Gastrointestinal stromal tumor,"AYVAKIT- avapritinib tablet, film coated","72064-110-30, 72064-120-30, 72064-125-30, 72064-130-30, 72064-150-30",,,,Yes
39,AdvSM,Avapritinib,Systemic mastocytosis,"AYVAKIT- avapritinib tablet, film coated","72064-110-30, 72064-120-30, 72064-125-30, 72064-130-30, 72064-150-30",,,,Yes
40,BAVENCIO,Avelumab,Merkel cell carcinoma,"BAVENCIO- avelumab injection, solution, concentrate",44087-3535-1,,,,Yes
41,BAVENCIO,Avelumab,Renal cell carcinoma,"BAVENCIO- avelumab injection, solution, concentrate",44087-3535-1,,Yes,,Yes
42,*,Avelumab,Urothelial cancer,"BAVENCIO- avelumab injection, solution, concentrate",44087-3535-1,,,,
43,*,Axicabtagene Ciloleucel,B-cell non-Hodgkin lymphoma,YESCARTA- axicabtagene ciloleucel suspension,"71287-119-01, 71287-119-02",,,,
44,*,Axicabtagene Ciloleucel,DLBCL,YESCARTA- axicabtagene ciloleucel suspension,"71287-119-01, 71287-119-02",,,,
45,*,Axitinib,Renal cell carcinoma,,,,,,
46,*,Azacitidine,Myelodysplastic syndromes,,,,,,
47,*,Azacitidine,Acute myeloid leukemia,,,,,,
48,*,Belinostat,Peripheral T-cell lymphoma,,,,,,
49,*,Belzutifan,Renal Cell Carcinoma,"WELIREG- belzutifan tablet, film coated","0006-5331-01, 0006-5331-58, 0006-5331-59",,,,
50,*,Belzutifan,von Hippel-Lindau disease,"WELIREG- belzutifan tablet, film coated","0006-5331-01, 0006-5331-58, 0006-5331-59",,,,
51,*,Bendamustine Hydrochloride,Chronic lymphocytic leukemia,,,,,,
52,*,Bendamustine Hydrochloride,B-cell non-Hodgkin lymphoma,,,,,,
53,*,Bevacizumab,Ovarian epithelial,,,,,,
54,*,Bevacizumab,Cervical cancer,,,,,,
55,*,Bevacizumab,Renal cell carcinoma,,,,,,
56,*,Bevacizumab,Nonsquamous non-small cell lung cancer,,,,,,
57,*,Bevacizumab,primary peritoneal cancer,,,,,,
58,*,Bevacizumab,fallopian tube,,,,,,
59,*,Bevacizumab,Glioblastoma,,,,,,
60,*,Bevacizumab,Colorectal cancer,,,,,,
61,*,Bevacizumab,Hepatocellular carcinoma,,,,,,
62,*,Bexarotene,Skin problems caused by cutaneous T-cell lymphoma,,,,,,
63,*,Bicalutamide,Prostate cancer,,,,,,
64,*,Binimetinib,Non-small cell lung cancer,"MEKTOVI- binimetinib tablet, film coated","70255-010-02, 70255-010-03",,,,
65,*,Binimetinib,Melanoma,"MEKTOVI- binimetinib tablet, film coated","70255-010-02, 70255-010-03",,,,
66,*,Bleomycin Sulfate,Squamous cell carcinoma of the head and neck,,,,,,
67,*,Bleomycin Sulfate,Squamous cell carcinoma of the cervix,,,,,,
68,*,Bleomycin Sulfate,Hodgkin lymphoma,,,,,,
69,*,Bleomycin Sulfate,Squamous cell carcinoma of the penis,,,,,,
70,*,Bleomycin Sulfate,Squamous cell carcinoma of the vulva,,,,,,
71,*,Bleomycin Sulfate,Non-Hodgkin lymphoma,,,,,,
72,*,Bleomycin Sulfate,Testicular cancer,,,,,,
73,*,Blinatumomab,B-cell acute lymphoblastic leukemia,BLINCYTO- blinatumomab kit,"55513-150-01, 55513-155-01, 55513-160-01, 55513-160-21",,,,
74,*,Bortezomib,Multiple myeloma,,,,,,
75,*,Bortezomib,Mantle cell lymphoma,,,,,,
76,*,Bosutinib,Chronic myelogenous leukemia,,,,,,
77,*,Brentuximab Vedotin,high-grade B-cell lymphoma,"ADCETRIS- brentuximab vedotin injection, powder, lyophilized, for solution",51144-050-01,,,,
78,NOS,Brentuximab Vedotin,Peripheral T-cell lymphoma,"ADCETRIS- brentuximab vedotin injection, powder, lyophilized, for solution",51144-050-01,,Yes,,
79,*,Brentuximab Vedotin,ClassicHodgkinlymphoma.,"ADCETRIS- brentuximab vedotin injection, powder, lyophilized, for solution",51144-050-01,,,,
80,NOS,Brentuximab Vedotin,Anaplastic large cell lymphoma,"ADCETRIS- brentuximab vedotin injection, powder, lyophilized, for solution",51144-050-01,,Yes,,
81,*,Brentuximab Vedotin,Cutaneous anaplastic large cell lymphoma,"ADCETRIS- brentuximab vedotin injection, powder, lyophilized, for solution",51144-050-01,,,,
82,*,Brentuximab Vedotin,Diffuse large B-cell lymphoma,"ADCETRIS- brentuximab vedotin injection, powder, lyophilized, for solution",51144-050-01,,,,
83,*,Brentuximab Vedotin,Mycosis fungoides,"ADCETRIS- brentuximab vedotin injection, powder, lyophilized, for solution",51144-050-01,,,,
84,*,Brexucabtagene Autoleucel,mantle cell lymphoma,TECARTUS- brexucabtagene autoleucel suspension,"71287-219-01, 71287-219-02, 71287-220-01, 71287-220-02",,,,
85,*,Brexucabtagene Autoleucel,precursor B lymphoblastic leukemia,TECARTUS- brexucabtagene autoleucel suspension,"71287-219-01, 71287-219-02, 71287-220-01, 71287-220-02",,,,
86,*,Brigatinib,Non-small cell lung cancer,"ALUNBRIG- brigatinib tablet, film coated","63020-090-07, 63020-090-30, 63020-113-30, 63020-180-23, 63020-180-30, 63020-198-30",,,,
87,*,Busulfan,Chronic myelogenous leukemia,,,,,,
88,*,Cabazitaxel,Prostate cancer,JEVTANA- cabazitaxel kit,"0024-5822-01, 0024-5823-15, 0024-5824-11",,,,
89,*,Cabozantinib-S-Malate,Renal cell carcinoma,,,,,,
90,*,Cabozantinib-S-Malate,Differentiated thyroid cancer,,,,,,
91,*,Cabozantinib-S-Malate,Medullary thyroid cancer,,,,,,
92,*,Cabozantinib-S-Malate,Neuroendocrine tumor,,,,,,
93,*,Cabozantinib-S-Malate,Hepatocellular carcinoma,,,,,,
94,*,Capecitabine,gastroesophageal junction cancer,,,,,,
95,*,Capecitabine,esophageal cancer,,,,,,
96,*,Capecitabine,Breast cancer,,,,,,
97,*,Capecitabine,Pancreatic adenocarcinoma,,,,,,
98,*,Capecitabine,Colorectal cancer,,,,,,
99,*,Capecitabine,Stomach (gastric) cancer,,,,,,
100,*,Capivasertib,Breast cancer,"TRUQAP- capivasertib tablet, film coated","0310-9500-01, 0310-9500-02, 0310-9501-01, 0310-9501-02, 0310-9501-95, 0310-9501-96",,,,
101,*,Caplacizumab-yhdp,Acquired thrombotic thrombocytopenic purpura,CABLIVI- caplacizumab kit,"58468-0225-1, 58468-0227-1, 58468-0229-1",,,,
102,*,Capmatinib Hydrochloride,Non-small cell lung cancer,"TABRECTA- capmatinib tablet, film coated","0078-0709-56, 0078-0709-94, 0078-0716-56, 0078-0716-94",,,,
103,*,Carboplatin,Ovarian cancer,,,,,,
104,*,Carfilzomib,Multiple myeloma,"KYPROLIS- carfilzomib injection, powder, lyophilized, for solution","76075-101-01, 76075-101-21, 76075-102-01, 76075-102-21, 76075-103-01, 76075-103-21",,,,
105,*,Carmustine,Brain tumors,,,,,,
106,*,Carmustine,Multiple myeloma,,,,,,
107,*,Carmustine,Hodgkin lymphoma,,,,,,
108,*,Carmustine,Non-Hodgkin lymphoma,,,,,,
109,*,Carmustine Implant,Malignant glioma,GLIADEL- carmustine wafer,24338-050-08,,,,
110,*,Carmustine Implant,Glioblastoma multiforme,GLIADEL- carmustine wafer,24338-050-08,,,,
111,"EGFR, PD-L1, ROS1, LIBTAYO, ALK",Cemiplimab-rwlc,Non-small cell lung cancer,LIBTAYO- cemiplimab-rwlc injection,61755-008-01,,Yes,,Yes
112,LIBTAYO,Cemiplimab-rwlc,Cutaneous squamous cell carcinoma,LIBTAYO- cemiplimab-rwlc injection,61755-008-01,,,,Yes
113,*,Cemiplimab-rwlc,(BCC),LIBTAYO- cemiplimab-rwlc injection,61755-008-01,,,,
114,"LIBTAYO, hedgehog",Cemiplimab-rwlc,Basal cell carcinoma,LIBTAYO- cemiplimab-rwlc injection,61755-008-01,,,,Yes
115,*,Ceritinib,Non-small cell lung cancer,"ZYKADIA- ceritinib tablet, film coated","0078-0694-48, 0078-0694-84",,,,
116,*,Cetuximab,Squamous cell carcinoma of the head and neck,ERBITUX- cetuximab solution,"66733-948-23, 66733-958-23",,Yes,,Yes
117,"Ras, epidermal growth factor receptor, K-Ras",Cetuximab,Colorectal cancer,ERBITUX- cetuximab solution,"66733-948-23, 66733-958-23",,Yes,,Yes
118,*,Chlorambucil,Chronic lymphocytic leukemia,,,,,,
119,*,Chlorambucil,Non-Hodgkin lymphoma,,,,,,
120,*,Chlorambucil,Hodgkin lymphoma,,,,,,
121,*,Ciltacabtagene Autoleucel,multiple myeloma,"CARVYKTI- ciltacabtagene autoleucel injection, suspension","57894-111-01, 57894-111-02",,,,
122,*,Cisplatin,Ovarian cancer,,,,,,
123,*,Cisplatin,Bladder cancer,,,,,,
124,*,Cisplatin,Testicular cancer,,,,,,
125,*,Cladribine,Hairy cell leukemia,,,,,,
126,*,Clofarabine,Acute lymphoblastic leukemia,,,,,,
127,BRAF,Cobimetinib Fumarate,Melanoma,"COTELLIC- cobimetinib tablet, film coated",50242-717-01,,,,Yes
128,*,Cobimetinib Fumarate,Histiocytic cancers,"COTELLIC- cobimetinib tablet, film coated",50242-717-01,,,,
129,"ALK, XALKORI",Crizotinib,Non-small cell lung cancer,XALKORI- crizotinib capsule,"0069-0251-60, 0069-0507-60, 0069-1500-60, 0069-8140-20, 0069-8141-20",,,,Yes
130,XALKORI,Crizotinib,Inflammatory myofibroblastic tumor,XALKORI- crizotinib capsule,"0069-0251-60, 0069-0507-60, 0069-1500-60, 0069-8140-20, 0069-8141-20",,,,Yes
131,XALKORI,Crizotinib,Anaplastic large cell lymphoma,XALKORI- crizotinib capsule,"0069-0251-60, 0069-0507-60, 0069-1500-60, 0069-8140-20, 0069-8141-20",,,,
132,*,Cyclophosphamide,Acute myeloid leukemia,,,,,,
133,*,Cyclophosphamide,Multiple myeloma,,,,,,
134,*,Cyclophosphamide,Acute lymphoblastic leukemia,,,,,,
135,*,Cyclophosphamide,Retinoblastoma,,,,,,
136,*,Cyclophosphamide,Chronic granulocytic leukemia,,,,,,
137,*,Cyclophosphamide,Breast cancer,,,,,,
138,*,Cyclophosphamide,Hodgkin lymphoma,,,,,,
139,*,Cyclophosphamide,Ovarian cancer,,,,,,
140,*,Cyclophosphamide,Chronic lymphocytic leukemia,,,,,,
141,*,Cyclophosphamide,Chronic myelogenous leukemia,,,,,,
142,*,Cyclophosphamide,Non-Hodgkin lymphoma,,,,,,
143,*,Cyclophosphamide,Neuroblastoma,,,,,,
144,*,Cyclophosphamide,Acute monocytic leukemia,,,,,,
145,*,Cyclophosphamide,Mycosis fungoides,,,,,,
146,*,Cytarabine,Acute non-lymphocytic leukemia,,,,,,
147,*,Cytarabine,Meningeal leukemia,,,,,,
148,*,Cytarabine,Acute lymphoblastic leukemia,,,,,,
149,*,Cytarabine,Chronic myelogenous leukemia,,,,,,
150,BRAF,Dabrafenib Mesylate,Melanoma,TAFINLAR- dabrafenib capsule,"0078-0681-66, 0078-0682-66, 0078-1154-21",,,,Yes
151,BRAF,Dabrafenib Mesylate,Anaplastic thyroid cancer,TAFINLAR- dabrafenib capsule,"0078-0681-66, 0078-0682-66, 0078-1154-21",,,,Yes
152,BRAF,Dabrafenib Mesylate,Glioma,TAFINLAR- dabrafenib capsule,"0078-0681-66, 0078-0682-66, 0078-1154-21",,,,
153,BRAF,Dabrafenib Mesylate,Solid tumors,TAFINLAR- dabrafenib capsule,"0078-0681-66, 0078-0682-66, 0078-1154-21",,,Yes,Yes
154,*,Dabrafenib Mesylate,Non-small cell lung cancer,TAFINLAR- dabrafenib capsule,"0078-0681-66, 0078-0682-66, 0078-1154-21",,,,
155,*,Dacarbazine,Melanoma,,,,,,
156,*,Dacarbazine,Hodgkin lymphoma,,,,,,
157,*,Dacomitinib,Non-small cell lung cancer,"VIZIMPRO- dacomitinib tablet, film coated","0069-0197-30, 0069-1198-30, 0069-2299-30",,,,
158,*,Dactinomycin,Gestational trophoblastic disease,,,,,,
159,*,Dactinomycin,Wilms tumor,,,,,,
160,*,Dactinomycin,Ewing sarcoma,,,,,,
161,*,Dactinomycin,Rhabdomyosarcoma,,,,,,
162,*,Dactinomycin,Solid tumors,,,,,,
163,*,Dactinomycin,Testicular cancer,,,,,,
164,*,Daratumumab,Multiple myeloma,"DARZALEX- daratumumab injection, solution, concentrate","57894-502-05, 57894-502-20, 57894-505-05, 57894-505-20",,,,
165,*,Daratumumab and Hyaluronidase-fihj,multiple myeloma,DARZALEX FASPRO (daratumumab and hyaluronidase-fihj- human recombinant injection,57894-503-01,,,,
166,*,Daratumumab and Hyaluronidase-fihj,light-chain amyloidosis,DARZALEX FASPRO (daratumumab and hyaluronidase-fihj- human recombinant injection,57894-503-01,,,,
167,*,Darbepoetin Alfa,Anemia,"ARANESP- darbepoetin alfa injection, solution","55513-002-01, 55513-002-04, 55513-003-01, 55513-003-04, 55513-004-01, 55513-004-04, 55513-005-01, 55513-005-04, 55513-006-01, 55513-006-21, 55513-021-01, 55513-021-04, 55513-023-01, 55513-023-04, 55513-025-01, 55513-025-04, 55513-027-01, 55513-027-04, 55513-028-01, 55513-032-01, 55513-057-01, 55513-057-04, 55513-098-01, 55513-098-04, 55513-111-01",,,,
168,*,Darolutamide,Prostate cancer,"NUBEQA- darolutamide tablet, film coated","50419-395-01, 50419-395-72",,,,
169,*,Dasatinib,Acute lymphoblastic leukemia,SPRYCEL- dasatinib tablet,"0003-0524-11, 0003-0527-11, 0003-0528-11, 0003-0852-22, 0003-0855-22, 0003-0857-22",,,,
170,*,Dasatinib,Chronic myelogenous leukemia,SPRYCEL- dasatinib tablet,"0003-0524-11, 0003-0527-11, 0003-0528-11, 0003-0852-22, 0003-0855-22, 0003-0857-22",,,,
171,epidermal growth factor receptor,Datopotamab Deruxtecan-dlnk,Non-small cell lung cancer,"DATROWAY- datopotamab deruxtecan injection, powder, lyophilized, for solution",65597-801-01,,,Yes,Yes
172,*,Datopotamab Deruxtecan-dlnk,Breast cancer,"DATROWAY- datopotamab deruxtecan injection, powder, lyophilized, for solution",65597-801-01,,,,Yes
173,*,Daunorubicin Hydrochloride,Acute myeloid leukemia,,,,,,
174,*,Daunorubicin Hydrochloride,Acute lymphoblastic leukemia,,,,,,
175,*,Daunorubicin Hydrochloride and Cytarabine Liposome,Acute myeloid leukemia,"VYXEOS (- daunorubicin and cytarabine liposome injection, powder, lyophilized, for suspension","68727-745-01, 68727-745-02, 68727-745-05",,,,
176,*,Decitabine,Myelodysplastic syndromes,,,,,,
177,*,Decitabine and Cedazuridine,Myelodysplastic syndromes,"INQOVI- cedazuridine and decitabine tablet, film coated",64842-0727-9,,,,
178,*,Defibrotide Sodium,Hepatic veno-occlusive disease,"DEFITELIO- defibrotide sodium injection, solution","68727-800-01, 68727-800-02",,,,
179,*,Degarelix,Prostate cancer,FIRMAGON- degarelix kit,"55566-8303-1, 55566-8403-1",,,,
180,*,Denileukin Diftitox-cxdl,cutaneous T-cell lymphoma,"LYMPHIR- denileukin diftitox-cxdl injection, powder, lyophilized, for solution",52658-7777-1,,,,
181,*,Denosumab,breast cancer,,,,,,
182,*,Denosumab,hypercalcemia of malignancy,,,,,,
183,*,Denosumab,broken bones and other bone problems,,,,,,
184,*,Denosumab,prostate cancer,,,,,,
185,*,Denosumab,giant cell tumor of the bone,,,,,,
186,*,Dexamethasone,Leukemia,,,,,,
187,*,Dexamethasone,Multiple myeloma,,,,,,
188,*,Dexamethasone,Anemia,,,,,,
189,*,Dexamethasone,Thrombocytopenia,,,,,,
190,*,Dexamethasone,Lymphoma,,,,,,
191,*,Dexamethasone,Hypercalcemia,,,,,,
192,*,Dexamethasone,Drug hypersensitivity,,,,,,
193,*,Dexamethasone,Cerebral edema,,,,,,
194,*,Dexamethasone,Mycosis fungoides,,,,,,
195,*,Dexrazoxane Hydrochloride,Extravasation,,,,,,
196,*,Dexrazoxane Hydrochloride,Cardiac (heart) side effects,,,,,,
197,*,Dinutuximab,Neuroblastoma,UNITUXIN- dinutuximab injection,66302-014-01,,,,
198,*,Docetaxel,Prostate cancer,,,,,,
199,*,Docetaxel,Squamous cell carcinoma of the head and neck,,,,,,
200,*,Docetaxel,gastroesophageal junction adenocarcinoma,,,,,,
201,*,Docetaxel,Breast cancer,,,,,,
202,*,Docetaxel,Stomach adenocarcinoma,,,,,,
203,*,Docetaxel,Non-small cell lung cancer,,,,,,
204,*,Dostarlimab-gxly,endometrial cancer,JEMPERLI- dostarlimab injection,0173-0898-03,,,,Yes
205,*,Dostarlimab-gxly,solid tumors,JEMPERLI- dostarlimab injection,0173-0898-03,,,Yes,Yes
206,*,Doxorubicin Hydrochloride Liposome,Ovarian cancer,,,,,,
207,*,Doxorubicin Hydrochloride Liposome,Multiple myeloma,,,,,,
208,*,Doxorubicin Hydrochloride Liposome,AIDS-related Kaposi sarcoma,,,,,,
209,*,Doxorubicin Hydrochloride,breast cancer,,,,,,
210,*,Doxorubicin Hydrochloride,soft tissue and bone sarcomas,,,,,,
211,*,Doxorubicin Hydrochloride,Wilms tumor,,,,,,
212,*,Doxorubicin Hydrochloride,thyroid cancer,,,,,,
213,*,Doxorubicin Hydrochloride,transitional cell bladder cancer,,,,,,
214,*,Doxorubicin Hydrochloride,non-small cell lung cancer,,,,,,
215,*,Doxorubicin Hydrochloride,ovarian cancer,,,,,,
216,*,Doxorubicin Hydrochloride,"
Hodgkinlymphoma
",,,,,,
217,*,Doxorubicin Hydrochloride,acute myeloid leukemia,,,,,,
218,*,Doxorubicin Hydrochloride,neuroblastoma,,,,,,
219,*,Doxorubicin Hydrochloride,acute lymphoblastic leukemia,,,,,,
220,*,Doxorubicin Hydrochloride,gastric (stomach) cancer,,,,,,
221,*,Doxorubicin Hydrochloride,"
non-Hodgkinlymphoma
",,,,,,
222,*,Doxorubicin Hydrochloride,small cell lung cancer,,,,,,
223,IMFINZI,Durvalumab,biliary tract cancer,"IMFINZI- durvalumab injection, solution","0310-4500-12, 0310-4611-50",,,,Yes
224,IMFINZI,Durvalumab,hepatocellular carcinoma,"IMFINZI- durvalumab injection, solution","0310-4500-12, 0310-4611-50",,,,
225,"EGFR, ALK, epidermal growth factor receptor, IMFINZI",Durvalumab,non-small cell lung cancer,"IMFINZI- durvalumab injection, solution","0310-4500-12, 0310-4611-50",,,,Yes
226,IMFINZI,Durvalumab,bladder cancer,"IMFINZI- durvalumab injection, solution","0310-4500-12, 0310-4611-50",,,,
227,IMFINZI,Durvalumab,endometrial cancer,"IMFINZI- durvalumab injection, solution","0310-4500-12, 0310-4611-50",,,,Yes
228,"EGFR, ALK, epidermal growth factor receptor, IMFINZI",Durvalumab,small cell lung cancer,"IMFINZI- durvalumab injection, solution","0310-4500-12, 0310-4611-50",,Yes,,Yes
229,*,Duvelisib,Chronic lymphocytic leukemia,COPIKTRA- duvelisib capsule,"71779-115-01, 71779-115-02, 71779-115-03, 71779-125-01, 71779-125-02, 71779-125-04",,,,
230,*,Duvelisib,small lymphocytic lymphoma,COPIKTRA- duvelisib capsule,"71779-115-01, 71779-115-02, 71779-115-03, 71779-125-01, 71779-125-02, 71779-125-04",,,,
231,*,Eflornithine Hydrochloride,Neuroblastoma,IWILFIN- eflornithine hydrochloride tablet,78670-150-01,,,,
232,*,Elacestrant Dihydrochloride,Breast cancer,"ORSERDU- elacestrant tablet, film coated","72187-0101-3, 72187-0102-3",,,,
233,*,Elotuzumab,Multiple myeloma,"EMPLICITI- elotuzumab injection, powder, lyophilized, for solution","0003-2291-11, 0003-4522-11",,,,
234,*,Elranatamab-bcmm,Multiple myeloma,"ELREXFIO- elranatamab-bcmm injection, solution","0069-2522-01, 0069-2522-02, 0069-4494-01, 0069-4494-02",,,,
235,*,Eltrombopag Olamine,Thrombocytopenia,,,,,,
236,*,Emapalumab-lzsg,Hemophagocytic lymphohistiocytosis,,,,,,
237,"isocitrate dehydrogenase-2, IDH2",Enasidenib Mesylate,Acute myeloid leukemia,"IDHIFA- enasidenib mesylate tablet, film coated","59572-705-30, 59572-710-30",,,,
238,*,Encorafenib,Non-small cell lung cancer,BRAFTOVI- encorafenib capsule,"70255-025-01, 70255-025-02, 70255-025-03, 70255-025-04, 70255-025-05, 70255-025-06",,,,
239,*,Encorafenib,Melanoma,BRAFTOVI- encorafenib capsule,"70255-025-01, 70255-025-02, 70255-025-03, 70255-025-04, 70255-025-05, 70255-025-06",,,,
240,*,Encorafenib,Colorectal cancer,BRAFTOVI- encorafenib capsule,"70255-025-01, 70255-025-02, 70255-025-03, 70255-025-04, 70255-025-05, 70255-025-06",,,,
241,*,Enfortumab Vedotin-ejfv,Urothelial cancer,"PADCEV EJFV- enfortumab vedotin injection, powder, lyophilized, for solution","51144-020-01, 51144-030-01",,,,
242,*,Entrectinib,Non-small cell lung cancer,ROZLYTREK- entrectinib capsule,"50242-091-30, 50242-091-86, 50242-094-47, 50242-094-90, 50242-623-01, 50242-623-42",,,,
243,*,Entrectinib,Solid tumors,ROZLYTREK- entrectinib capsule,"50242-091-30, 50242-091-86, 50242-094-47, 50242-094-90, 50242-623-01, 50242-623-42",,,,
244,*,Enzalutamide,Prostate cancer,XTANDI- enzalutamide capsule,"0469-0125-99, 0469-0625-99, 0469-0725-60, 0469-1125-56, 0469-1725-56",,,,
245,*,Epcoritamab-bysp,high-grade B-cell lymphoma,"EPKINLY- epcoritamab-bysp injection, solution","82705-002-01, 82705-010-01",,,,
246,*,Epcoritamab-bysp,Diffuse large B-cell lymphoma,"EPKINLY- epcoritamab-bysp injection, solution","82705-002-01, 82705-010-01",,,,
247,FL,Epcoritamab-bysp,Follicular lymphoma,"EPKINLY- epcoritamab-bysp injection, solution","82705-002-01, 82705-010-01",,,,
248,*,Epirubicin Hydrochloride,Breast cancer,,,,,,
249,*,Epoetin Alfa,Anemia,EPOGEN- epoetin alfa solution,"55513-126-01, 55513-126-10, 55513-126-20, 55513-144-01, 55513-144-10, 55513-144-20, 55513-148-01, 55513-148-10, 55513-148-20, 55513-267-01, 55513-267-10, 55513-267-20, 55513-283-01, 55513-283-10, 55513-283-20, 55513-478-01, 55513-478-10, 55513-478-20",,,,
250,*,Erdafitinib,Urothelial carcinoma,"BALVERSA- erdafitinib tablet, film coated","59676-030-56, 59676-030-84, 59676-040-28, 59676-040-56, 59676-050-28",,,,
251,*,Eribulin Mesylate,Liposarcoma,HALAVEN- eribulin mesylate injection,62856-389-01,,,,
252,*,Eribulin Mesylate,Breast cancer,HALAVEN- eribulin mesylate injection,62856-389-01,,,,
253,*,Erlotinib Hydrochloride,Non-small cell lung cancer,,,,,,
254,*,Erlotinib Hydrochloride,Pancreatic cancer,,,,,,
255,*,Etoposide,Small cell lung cancer,,,,,,
256,*,Etoposide,Testicular cancer,,,,,,
257,*,Etoposide Phosphate,Small cell lung cancer,,,,,,
258,*,Etoposide Phosphate,Testicular cancer,,,,,,
259,*,Everolimus,Renal cell carcinoma,,,,,,
260,*,Everolimus,Breast cancer,,,,,,
261,*,Everolimus,Neuroendocrine tumors,,,,,,
262,*,Everolimus,Pancreatic neuroendocrine tumors,,,,,,
263,*,Everolimus,Subependymal giant cell astrocytoma,,,,,,
264,*,Exemestane,breast cancer,,,,,,
265,*,Fam-Trastuzumab Deruxtecan-nxki,gastroesophageal junction cancer,"ENHERTU- fam-trastuzumab deruxtecan-nxki injection, powder, lyophilized, for solution",65597-406-01,,,,
266,*,Fam-Trastuzumab Deruxtecan-nxki,Gastric (stomach) cancer,"ENHERTU- fam-trastuzumab deruxtecan-nxki injection, powder, lyophilized, for solution",65597-406-01,,,,
267,ISH+,Fam-Trastuzumab Deruxtecan-nxki,Breast cancer,"ENHERTU- fam-trastuzumab deruxtecan-nxki injection, powder, lyophilized, for solution",65597-406-01,,Yes,,Yes
268,*,Fam-Trastuzumab Deruxtecan-nxki,Solid tumors,"ENHERTU- fam-trastuzumab deruxtecan-nxki injection, powder, lyophilized, for solution",65597-406-01,,,Yes,Yes
269,"ERBB2, HER2",Fam-Trastuzumab Deruxtecan-nxki,Non-small cell lung cancer,"ENHERTU- fam-trastuzumab deruxtecan-nxki injection, powder, lyophilized, for solution",65597-406-01,,,Yes,Yes
270,*,Fedratinib Hydrochloride,Myelofibrosis,INREBIC- fedratinib hydrochloride capsule,59572-720-12,,,,
271,*,Filgrastim,Neutropenia,,,,,,
272,*,Fludarabine Phosphate,B-cell  chronic lymphocytic leukemia (CLL,,,,,,
273,*,Fluorouracil Injection ,Pancreatic cancer,"FLUOROURACIL injection, solution","16729-276-03, 16729-276-05, 16729-276-67, 16729-276-68",,,,
274,*,Fluorouracil Injection ,Colorectal cancer,"FLUOROURACIL injection, solution","16729-276-03, 16729-276-05, 16729-276-67, 16729-276-68",,,,
275,*,Fluorouracil Injection ,Breast cancer,"FLUOROURACIL injection, solution","16729-276-03, 16729-276-05, 16729-276-67, 16729-276-68",,,,
276,*,Fluorouracil Injection ,Gastric (stomach) cancer,"FLUOROURACIL injection, solution","16729-276-03, 16729-276-05, 16729-276-67, 16729-276-68",,,,
277,*,Fluorouracil (Topical),Actinic keratosis,,,,,,
278,*,Flutamide,Prostate cancer,,,,,,
279,*,Fostamatinib Disodium,Thrombocytopenia,TAVALISSE- fostamatinib tablet,"71332-001-01, 71332-002-01",,,,
280,*,Fruquintinib,Colorectal cancer,FRUZAQLA- fruquintinib capsule,"63020-210-21, 63020-225-21",,,,
281,*,Fulvestrant,Breast cancer,FASLODEX- fulvestrant injection,0310-0720-10,,,,
282,*,Gefitinib,Non-small cell lung cancer,"IRESSA- gefitinib tablet, coated","0310-0482-30, 0310-0482-93",,,,
283,*,Gemcitabine Hydrochloride,Non-small cell lung cancer,,,,,,
284,*,Gemcitabine Hydrochloride,Pancreatic cancer,,,,,,
285,*,Gemcitabine Hydrochloride,Breast cancer,,,,,,
286,*,Gemcitabine Hydrochloride,Ovarian cancer,,,,,,
287,"FMS-like tyrosine kinase 3, FLT3",Gilteritinib Fumarate,Acute myeloid leukemia,XOSPATA- gilteritinib tablet,"0469-1425-21, 0469-1425-90",,,,
288,*,Glasdegib Maleate,Acute myeloid leukemia,"DAURISMO- glasdegib tablet, film coated","0069-0298-60, 0069-1531-30",,,,
289,*,Glofitamab-gxbm,B-cell non-Hodgkin lymphoma,COLUMVI- glofitamab concentrate,"50242-125-01, 50242-127-01",,,,
290,*,Glucarpidase,Toxic blood levels of the anticancer drug methotrexate,"VORAXAZE- glucarpidase injection, powder, for solution",50633-210-11,,,,
291,*,Goserelin Acetate,Prostate cancer,,,,,,
292,*,Goserelin Acetate,Breast cancer,,,,,,
293,*,Granisetron,Nausea and vomiting,SUSTOL- granisetron injection,"47426-101-01, 47426-101-06",,,,
294,*,Granisetron Hydrochloride,Nausea and vomiting,,,,,,
295,*,Hydroxyurea,Squamous cell carcinoma of the head and neck,,,,,,
296,*,Hydroxyurea,Chronic myelogenous leukemia,,,,,,
297,*,Ibritumomab Tiuxetan,B-cell follicular non-Hodgkin lymphoma,,,,,,
298,*,Ibrutinib,Chronic lymphocytic leukemia,IMBRUVICA- ibrutinib capsule,"57962-007-12, 57962-014-28, 57962-070-28, 57962-140-09, 57962-140-12, 57962-280-28, 57962-420-28, 57962-420-71",,,,
299,*,Ibrutinib,small lymphocytic lymphoma,IMBRUVICA- ibrutinib capsule,"57962-007-12, 57962-014-28, 57962-070-28, 57962-140-09, 57962-140-12, 57962-280-28, 57962-420-28, 57962-420-71",,,,
300,*,Ibrutinib,Waldenström macroglobulinemia,IMBRUVICA- ibrutinib capsule,"57962-007-12, 57962-014-28, 57962-070-28, 57962-140-09, 57962-140-12, 57962-280-28, 57962-420-28, 57962-420-71",,,,
301,*,Idarubicin Hydrochloride,Acute myeloid leukemia,,,,,,
302,*,Idecabtagene Vicleucel,multiple myeloma,ABECMA- idecabtagene vicleucel suspension,"59572-515-01, 59572-515-02, 59572-515-03",,,,
303,*,Idelalisib,Chronic lymphocytic leukemia,"ZYDELIG- idelalisib tablet, film coated","61958-1701-1, 61958-1702-1",,,,
304,*,Ifosfamide,Testicular germ cell tumors,"IFEX- ifosfamide injection, powder, for solution","0338-3991-01, 0338-3993-01",,,,
305,Philadelphia,Imatinib Mesylate,Acute lymphoblastic leukemia,GLEEVEC- imatinib mesylate tablet,"0078-0401-34, 0078-0649-13, 0078-0649-26, 0078-0649-30, 0078-1490-13, 0078-1490-26",,,,
306,*,Imatinib Mesylate,Myelodysplastic/myeloproliferative neoplasms,GLEEVEC- imatinib mesylate tablet,"0078-0401-34, 0078-0649-13, 0078-0649-26, 0078-0649-30, 0078-1490-13, 0078-1490-26",,,,
307,c-Kit,Imatinib Mesylate,Systemic mastocytosis,GLEEVEC- imatinib mesylate tablet,"0078-0401-34, 0078-0649-13, 0078-0649-26, 0078-0649-30, 0078-1490-13, 0078-1490-26",,,,
308,"FIP1L1-PDGFRα, FIP1L1-PDGFRα fusion kinase, HES, CHIC2",Imatinib Mesylate,Chronic eosinophilic leukemia,GLEEVEC- imatinib mesylate tablet,"0078-0401-34, 0078-0649-13, 0078-0649-26, 0078-0649-30, 0078-1490-13, 0078-1490-26",,,,
309,*,Imatinib Mesylate,Dermatofibrosarcoma protuberans,GLEEVEC- imatinib mesylate tablet,"0078-0401-34, 0078-0649-13, 0078-0649-26, 0078-0649-30, 0078-1490-13, 0078-1490-26",,,,Yes
310,*,Imatinib Mesylate,Chronic myelogenous leukemia,GLEEVEC- imatinib mesylate tablet,"0078-0401-34, 0078-0649-13, 0078-0649-26, 0078-0649-30, 0078-1490-13, 0078-1490-26",,,,
311,CD117,Imatinib Mesylate,Gastrointestinal stromal tumor,GLEEVEC- imatinib mesylate tablet,"0078-0401-34, 0078-0649-13, 0078-0649-26, 0078-0649-30, 0078-1490-13, 0078-1490-26",,,,Yes
312,"FIP1L1-PDGFRα, FIP1L1-PDGFRα fusion kinase, HES, CHIC2",Imatinib Mesylate,hypereosinophilic syndrome,GLEEVEC- imatinib mesylate tablet,"0078-0401-34, 0078-0649-13, 0078-0649-26, 0078-0649-30, 0078-1490-13, 0078-1490-26",,,,
313,*,Imetelstat Sodium,Myelodysplastic syndrome,"RYTELO- imetelstat sodium injection, powder, lyophilized, for solution","82959-111-01, 82959-112-01",,,,
314,*,Imiquimod,Genital warts or perianal warts,,,,,,
315,*,Imiquimod,Actinic keratosis,,,,,,
316,*,Imiquimod,Basal cell carcinoma,,,,,,
317,*,Inavolisib,breast cancer,"ITOVEBI- inavolisib tablet, film coated","50242-079-08, 50242-079-86, 50242-084-08",,,,
318,*,Inotuzumab Ozogamicin,B-cell acute lymphoblastic leukemia,"BESPONSA- inotuzumab ozogamicin injection, powder, lyophilized, for solution",0008-0100-01,,,,
319,*,Iobenguane I 131,Pheochromocytoma,,,,,,
320,*,Iobenguane I 131,paraganglioma,,,,,,
321,*,Ipilimumab,malignant pleural mesothelioma,YERVOY- ipilimumab injection,"0003-2327-11, 0003-2328-22",,Yes,,
322,PD-L1,Ipilimumab,esophageal cancer,YERVOY- ipilimumab injection,"0003-2327-11, 0003-2328-22",,Yes,,Yes
323,*,Ipilimumab,hepatocellular carcinoma,YERVOY- ipilimumab injection,"0003-2327-11, 0003-2328-22",,Yes,,Yes
324,*,Ipilimumab,melanoma,YERVOY- ipilimumab injection,"0003-2327-11, 0003-2328-22",,,,Yes
325,"PD-L1, EGFR, ALK",Ipilimumab,non-small cell lung cancer,YERVOY- ipilimumab injection,"0003-2327-11, 0003-2328-22",,Yes,,Yes
326,*,Ipilimumab,renal cell carcinoma,YERVOY- ipilimumab injection,"0003-2327-11, 0003-2328-22",,Yes,,Yes
327,*,Ipilimumab,colorectal cancer,YERVOY- ipilimumab injection,"0003-2327-11, 0003-2328-22",,,,Yes
328,*,Irinotecan Sucrosofate,Pancreatic cancer,"ONIVYDE- irinotecan hydrochloride injection, powder, for solution",15054-0043-1,,,,
329,*,Irinotecan Hydrochloride,Colorectal cancer,,,,,,
330,*,Isatuximab-irfc,multiple myeloma,"SARCLISA- isatuximab injection, solution, concentrate","0024-0654-01, 0024-0656-01",,,,
331,*,Ivosidenib,Myelodysplastic syndrome,,,,,,
332,*,Ivosidenib,Acute myeloid leukemia,,,,,,
333,*,Ivosidenib,Cholangiocarcinoma,,,,,,
334,*,Ixabepilone,Breast cancer,IXEMPRA- ixabepilone kit,"70020-1910-1, 70020-1911-1",,,,
335,*,Ixazomib Citrate,Multiple myeloma,,,,,,
336,*,Lanreotide Acetate,Gastroenteropancreatic neuroendocrine tumors,,,,,,
337,*,Lanreotide Acetate,Carcinoid syndrome,,,,,,
338,*,Lapatinib Ditosylate,Breast cancer,TYKERB- lapatinib tablet,0078-0671-19,,,,
339,*,Lazertinib Mesylate Hydrate,non-small cell lung cancer,"LAZCLUZE- lazertinib tablet, film coated","57894-080-60, 57894-080-90, 57894-240-30, 57894-240-99",,,,
340,*,Lenalidomide,Multiple myeloma,REVLIMID- lenalidomide capsule,"59572-402-00, 59572-402-28, 59572-405-00, 59572-405-28, 59572-410-00, 59572-410-28, 59572-415-00, 59572-415-21, 59572-420-00, 59572-420-21, 59572-425-00, 59572-425-21",,,,
341,*,Lenalidomide,Anemia,REVLIMID- lenalidomide capsule,"59572-402-00, 59572-402-28, 59572-405-00, 59572-405-28, 59572-410-00, 59572-410-28, 59572-415-00, 59572-415-21, 59572-420-00, 59572-420-21, 59572-425-00, 59572-425-21",,,,
342,*,Lenalidomide,Mantle cell lymphoma,REVLIMID- lenalidomide capsule,"59572-402-00, 59572-402-28, 59572-405-00, 59572-405-28, 59572-410-00, 59572-410-28, 59572-415-00, 59572-415-21, 59572-420-00, 59572-420-21, 59572-425-00, 59572-425-21",,,,
343,*,Lenalidomide,Marginal zone lymphoma,REVLIMID- lenalidomide capsule,"59572-402-00, 59572-402-28, 59572-405-00, 59572-405-28, 59572-410-00, 59572-410-28, 59572-415-00, 59572-415-21, 59572-420-00, 59572-420-21, 59572-425-00, 59572-425-21",,,,
344,*,Lenalidomide,Follicular lymphoma,REVLIMID- lenalidomide capsule,"59572-402-00, 59572-402-28, 59572-405-00, 59572-405-28, 59572-410-00, 59572-410-28, 59572-415-00, 59572-415-21, 59572-420-00, 59572-420-21, 59572-425-00, 59572-425-21",,,,
345,*,Lenvatinib Mesylate,Endometrial carcinoma,LENVIMA- lenvatinib capsule,"62856-704-05, 62856-704-30, 62856-708-05, 62856-708-30, 62856-710-05, 62856-710-30, 62856-712-05, 62856-712-30, 62856-714-05, 62856-714-30, 62856-718-05, 62856-718-30, 62856-720-05, 62856-720-30, 62856-724-05, 62856-724-30",,,,
346,*,Lenvatinib Mesylate,Thyroid cancer,LENVIMA- lenvatinib capsule,"62856-704-05, 62856-704-30, 62856-708-05, 62856-708-30, 62856-710-05, 62856-710-30, 62856-712-05, 62856-712-30, 62856-714-05, 62856-714-30, 62856-718-05, 62856-718-30, 62856-720-05, 62856-720-30, 62856-724-05, 62856-724-30",,,,
347,*,Lenvatinib Mesylate,Renal cell carcinoma,LENVIMA- lenvatinib capsule,"62856-704-05, 62856-704-30, 62856-708-05, 62856-708-30, 62856-710-05, 62856-710-30, 62856-712-05, 62856-712-30, 62856-714-05, 62856-714-30, 62856-718-05, 62856-718-30, 62856-720-05, 62856-720-30, 62856-724-05, 62856-724-30",,,,
348,*,Lenvatinib Mesylate,Hepatocellular carcinoma,LENVIMA- lenvatinib capsule,"62856-704-05, 62856-704-30, 62856-708-05, 62856-708-30, 62856-710-05, 62856-710-30, 62856-712-05, 62856-712-30, 62856-714-05, 62856-714-30, 62856-718-05, 62856-718-30, 62856-720-05, 62856-720-30, 62856-724-05, 62856-724-30",,,,
349,*,Letrozole,breast cancer,,,,,,
350,*,Leucovorin Calcium,Colorectal cancer,,,,,,
351,*,Leucovorin Calcium,Anemia,,,,,,
352,*,Leuprolide Acetate,prostate cancer,,,,,,
353,*,Lifileucel,Melanoma,AMTAGVI- lifileucel suspension,"73776-001-11, 73776-001-12",,,,
354,"Bruton tyrosine kinase, BTK, BREYANZI",Lisocabtagene Maraleucel,mantle cell lymphoma,BREYANZI- lisocabtagene maraleucel kit,"73153-900-01, 73153-901-08, 73153-902-04",,,,
355,*,Lisocabtagene Maraleucel,B-cell non-Hodgkin lymphoma,BREYANZI- lisocabtagene maraleucel kit,"73153-900-01, 73153-901-08, 73153-902-04",,,,
356,*,Lisocabtagene Maraleucel,chronic lymphocytic leukemia or small lymphocytic lymphoma,BREYANZI- lisocabtagene maraleucel kit,"73153-900-01, 73153-901-08, 73153-902-04",,,,
357,BREYANZI,Lisocabtagene Maraleucel,follicular lymphoma,BREYANZI- lisocabtagene maraleucel kit,"73153-900-01, 73153-901-08, 73153-902-04",,,,
358,*,Lomustine,Brain tumors,,,,,,
359,*,Lomustine,Hodgkin lymphoma,,,,,,
360,*,Loncastuximab Tesirine-lpyl,B-cell non-Hodgkin lymphoma,"ZYNLONTA- loncastuximab tesirine injection, powder, lyophilized, for solution",79952-110-01,,,,
361,*,Lorlatinib,Non-small cell lung cancer,"LORBRENA- lorlatinib tablet, film coated","0069-0227-01, 0069-0227-03, 0069-0231-01",,,,
362,*,Lurbinectedin,Small cell lung cancer,"ZEPZELCA- lurbinectedin injection, powder, lyophilized, for solution",68727-712-01,,,Yes,Yes
363,*,Luspatercept-aamt,Anemia,"REBLOZYL- luspatercept injection, powder, lyophilized, for solution","59572-711-01, 59572-775-01",,,,
364,*,Lutetium Lu 177 Vipivotide Tetraxetan,Prostate cancer,,,,,,
365,*,Lutetium Lu 177-Dotatate,Gastroenteropancreatic neuroendocrine tumors,LUTATHERA- lutetium lu 177 dotatate injection,69488-003-01,,,,
366,*,Margetuximab-cmkb,breast cancer,"MARGENZA- margetuximab-cmkb injection, solution, concentrate","74527-022-01, 74527-022-02, 74527-022-03",,,,
367,*,Mechlorethamine Hydrochloride,Mycosis fungoides,,,,,,
368,*,Megestrol Acetate,"
breastcancer
",,,,,,
369,*,Megestrol Acetate,"
endometrialcancer
",,,,,,
370,*,Melphalan,Multiple myeloma,,,,,,
371,*,Melphalan,Ovarian epithelial cancer,,,,,,
372,*,Melphalan Hydrochloride,Uveal melanoma,,,,,,
373,*,Melphalan Hydrochloride,Multiple myeloma,,,,,,
374,*,Mercaptopurine,Acute lymphoblastic leukemia,,,,,,
375,*,Mesna,Hemorrhagic cystitis,,,,,,
376,*,Methotrexate Sodium (Cancer Treatment),Gestational trophoblastic disease,,,,,,
377,*,Methotrexate Sodium (Cancer Treatment),Lung cancer,,,,,,
378,*,Methotrexate Sodium (Cancer Treatment),Breast cancer,,,,,,
379,*,Methotrexate Sodium (Cancer Treatment),Acute lymphoblastic leukemia (ALL,,,,,,
380,*,Methotrexate Sodium (Cancer Treatment),Non-Hodgkin lymphoma,,,,,,
381,*,Methotrexate Sodium (Cancer Treatment),Mycosis fungoides,,,,,,
382,*,Methotrexate Sodium (Cancer Treatment),Head and neck cancer,,,,,,
383,*,Methotrexate Sodium (Cancer Treatment),Osteosarcoma,,,,,,
384,*,Methylnaltrexone Bromide,Constipation,RELISTOR- methylnaltrexone bromide tablet,"65649-150-06, 65649-150-60, 65649-150-90, 65649-551-02, 65649-551-03, 65649-551-07, 65649-552-04",,,,Yes
385,*,Midostaurin,systemic mastocytosis with associated hematologic neoplasm,"RYDAPT capsule, liquid filled","0078-0698-02, 0078-0698-19, 0078-0698-51, 0078-0698-99",,,,
386,FLT3,Midostaurin,Acute myeloid leukemia,"RYDAPT capsule, liquid filled","0078-0698-02, 0078-0698-19, 0078-0698-51, 0078-0698-99",,,,
387,*,Midostaurin,Aggressive systemic mastocytosis,"RYDAPT capsule, liquid filled","0078-0698-02, 0078-0698-19, 0078-0698-51, 0078-0698-99",,,,
388,*,Midostaurin,mast cell leukemia,"RYDAPT capsule, liquid filled","0078-0698-02, 0078-0698-19, 0078-0698-51, 0078-0698-99",,,,
389,*,Mirvetuximab Soravtansine-gynx,"Ovarian epithelial, fallopian tube, or primary peritoneal cancer","ELAHERE- mirvetuximab soravtansine injection, solution",72903-853-01,,,,
390,*,Mitomycin,Gastric (stomach) and pancreatic adenocarcinoma,,,,,,
391,*,Mitomycin,Urothelial cancer,,,,,,
392,*,Mitoxantrone Hydrochloride,Prostate cancer,,,,,,
393,*,Mitoxantrone Hydrochloride,Acute non-lymphocytic leukemia,,,,,,
394,*,Mogamulizumab-kpkc,Mycosis fungoides,POTELIGEO- mogamulizumab-kpkc injection,42747-761-01,,,,
395,*,Mogamulizumab-kpkc,Sezary syndrome,POTELIGEO- mogamulizumab-kpkc injection,42747-761-01,,,,
396,*,Momelotinib Dihydrochloride Monohydrate,Myelofibrosis,OJJAARA- momelotinib tablet,"81864-101-30, 81864-102-30, 81864-103-30",,,,
397,*,Mosunetuzumab-axgb,follicular lymphoma,LUNSUMIO- mosunetuzumab concentrate,"50242-142-01, 50242-159-01",,,Yes,
398,ABRAXANE,Paclitaxel Albumin-stabilized Nanoparticle Formulation,Non-small cell lung cancer,"ABRAXANE- paclitaxel injection, powder, lyophilized, for suspension",68817-134-50,,Yes,,Yes
399,*,Paclitaxel Albumin-stabilized Nanoparticle Formulation,Pancreatic cancer,"ABRAXANE- paclitaxel injection, powder, lyophilized, for suspension",68817-134-50,,,,
400,ABRAXANE,Paclitaxel Albumin-stabilized Nanoparticle Formulation,Breast cancer,"ABRAXANE- paclitaxel injection, powder, lyophilized, for suspension",68817-134-50,,,,Yes
401,*,Naxitamab-gqgk,Neuroblastoma,DANYELZA- naxitamab injection,73042-201-01,,,,
402,*,Necitumumab,Squamous non-small cell lung cancer,PORTRAZZA- necitumumab solution,0002-7716-01,,,,
403,*,Nelarabine,T-cell acute lymphoblastic leukemia,,,,,,
404,*,Nelarabine,T-cell lymphoblastic lymphoma,,,,,,
405,*,Neratinib Maleate,Breast cancer,NERLYNX- neratinib tablet,"70437-240-18, 70437-240-26, 70437-240-33",,,,Yes
406,*,Netupitant and Palonosetron Hydrochloride,Nausea,AKYNZEO- netupitant and palonosetron capsule,"69639-101-01, 69639-101-04, 69639-102-01, 69639-105-01, 69639-106-01",,,,
407,*,Netupitant and Palonosetron Hydrochloride,vomiting,AKYNZEO- netupitant and palonosetron capsule,"69639-101-01, 69639-101-04, 69639-102-01, 69639-105-01, 69639-106-01",,,,
408,*,Nilotinib,Chronic myelogenous leukemia,TASIGNA- nilotinib capsule,"0078-0526-51, 0078-0526-87, 0078-0592-51, 0078-0592-87, 0078-0951-66",,,,
409,*,Nilutamide,Prostate cancer,NILUTAMIDE tablet,62559-173-31,,,,
410,*,Niraparib Tosylate Monohydrate and Abiraterone Acetate,Prostate cancer,"AKEEGA- niraparib tosylate monohydrate and abiraterone acetate tablet, film coated","57894-050-60, 57894-100-60",,,,
411,*,Niraparib Tosylate Monohydrate,Ovarian epithelial,,,,,,
412,*,Niraparib Tosylate Monohydrate,primary peritoneal cancer,,,,,,
413,*,Niraparib Tosylate Monohydrate,fallopian tube,,,,,,
414,*,Nirogacestat Hydrobromide,Desmoid tumors,"OGSIVEO- nirogacestat tablet, film coated","82448-100-14, 82448-150-14",,,,
415,OPDIVO,Nivolumab,squamous cell carcinoma of the head and neck,OPDIVO- nivolumab injection,"0003-3734-13, 0003-3756-14, 0003-3772-11, 0003-3774-12",,,,Yes
416,*,Nivolumab,gastroesophageal junction adenocarcinoma,OPDIVO- nivolumab injection,"0003-3734-13, 0003-3756-14, 0003-3772-11, 0003-3774-12",,,,
417,OPDIVO,Nivolumab,urothelial carcinoma,OPDIVO- nivolumab injection,"0003-3734-13, 0003-3756-14, 0003-3772-11, 0003-3774-12",,Yes,,Yes
418,OPDIVO,Nivolumab,malignant pleural mesothelioma,OPDIVO- nivolumab injection,"0003-3734-13, 0003-3756-14, 0003-3772-11, 0003-3774-12",,Yes,,
419,"PD-L1, OPDIVO",Nivolumab,esophageal cancer,OPDIVO- nivolumab injection,"0003-3734-13, 0003-3756-14, 0003-3772-11, 0003-3774-12",,Yes,,Yes
420,OPDIVO,Nivolumab,hepatocellular carcinoma,OPDIVO- nivolumab injection,"0003-3734-13, 0003-3756-14, 0003-3772-11, 0003-3774-12",,Yes,,Yes
421,OPDIVO,Nivolumab,melanoma,OPDIVO- nivolumab injection,"0003-3734-13, 0003-3756-14, 0003-3772-11, 0003-3774-12",,,,Yes
422,*,Nivolumab,esophageal cancer or gastroesophageal junction adenocarcinoma,OPDIVO- nivolumab injection,"0003-3734-13, 0003-3756-14, 0003-3772-11, 0003-3774-12",,,,
423,"EGFR, PD-L1, OPDIVO, ALK, epidermal growth factor receptor",Nivolumab,non-small cell lung cancer,OPDIVO- nivolumab injection,"0003-3734-13, 0003-3756-14, 0003-3772-11, 0003-3774-12",,Yes,,Yes
424,OPDIVO,Nivolumab,renal cell carcinoma,OPDIVO- nivolumab injection,"0003-3734-13, 0003-3756-14, 0003-3772-11, 0003-3774-12",,Yes,,Yes
425,*,Nivolumab,classic Hodgkin lymphoma,OPDIVO- nivolumab injection,"0003-3734-13, 0003-3756-14, 0003-3772-11, 0003-3774-12",,,,
426,*,Nivolumab,gastric (stomach) cancer,OPDIVO- nivolumab injection,"0003-3734-13, 0003-3756-14, 0003-3772-11, 0003-3774-12",,,,
427,OPDIVO,Nivolumab,colorectal cancer,OPDIVO- nivolumab injection,"0003-3734-13, 0003-3756-14, 0003-3772-11, 0003-3774-12",,,,Yes
428,*,Nivolumab and Hyaluronidase-nvhy,squamous cell carcinoma of the head and neck,"OPDIVO QVANTIG- nivolumab and hyaluronidase-nvhy injection, solution","0003-3120-01, 0003-6120-01",,,,Yes
429,PD-L1,Nivolumab and Hyaluronidase-nvhy,esophageal adenocarcinoma,"OPDIVO QVANTIG- nivolumab and hyaluronidase-nvhy injection, solution","0003-3120-01, 0003-6120-01",,,,Yes
430,*,Nivolumab and Hyaluronidase-nvhy,urothelial carcinoma,"OPDIVO QVANTIG- nivolumab and hyaluronidase-nvhy injection, solution","0003-3120-01, 0003-6120-01",,Yes,,Yes
431,PD-L1,Nivolumab and Hyaluronidase-nvhy,gastroesophageal junction cancer,"OPDIVO QVANTIG- nivolumab and hyaluronidase-nvhy injection, solution","0003-3120-01, 0003-6120-01",,,,Yes
432,PD-L1,Nivolumab and Hyaluronidase-nvhy,esophageal cancer,"OPDIVO QVANTIG- nivolumab and hyaluronidase-nvhy injection, solution","0003-3120-01, 0003-6120-01",,Yes,,Yes
433,*,Nivolumab and Hyaluronidase-nvhy,hepatocellular carcinoma,"OPDIVO QVANTIG- nivolumab and hyaluronidase-nvhy injection, solution","0003-3120-01, 0003-6120-01",,Yes,,Yes
434,*,Nivolumab and Hyaluronidase-nvhy,melanoma,"OPDIVO QVANTIG- nivolumab and hyaluronidase-nvhy injection, solution","0003-3120-01, 0003-6120-01",,,,Yes
435,"EGFR, ALK, epidermal growth factor receptor",Nivolumab and Hyaluronidase-nvhy,non-small cell lung cancer,"OPDIVO QVANTIG- nivolumab and hyaluronidase-nvhy injection, solution","0003-3120-01, 0003-6120-01",,,,Yes
436,*,Nivolumab and Hyaluronidase-nvhy,renal cell carcinoma,"OPDIVO QVANTIG- nivolumab and hyaluronidase-nvhy injection, solution","0003-3120-01, 0003-6120-01",,Yes,,Yes
437,*,Nivolumab and Hyaluronidase-nvhy,gastric (stomach) cancer,"OPDIVO QVANTIG- nivolumab and hyaluronidase-nvhy injection, solution","0003-3120-01, 0003-6120-01",,,,
438,*,Nivolumab and Hyaluronidase-nvhy,colorectal cancer,"OPDIVO QVANTIG- nivolumab and hyaluronidase-nvhy injection, solution","0003-3120-01, 0003-6120-01",,,,Yes
439,*,Nivolumab and Relatlimab-rmbw,Melanoma,OPDUALAG- nivolumab and relatlimab-rmbw injection,0003-7125-11,,,,
440,*,Nogapendekin Alfa Inbakicept-pmln,Non-muscle–invasive bladder cancer,ANKTIVA- nogapendekin alfa inbakicept-pmln solution,81481-803-01,,,,
441,*,Obecabtagene Autoleucel,B-cell acute lymphoblastic leukemia,AUCATZYL- obecabtagene autoleucel kit,"83047-010-10, 83047-100-10, 83047-100-30, 83047-300-30, 83047-410-04",,,,
442,*,Obinutuzumab,Chronic lymphocytic leukemia,"GAZYVA- obinutuzumab injection, solution, concentrate","50242-070-01, 50242-070-86",,Yes,,
443,*,Obinutuzumab,Follicular lymphoma,"GAZYVA- obinutuzumab injection, solution, concentrate","50242-070-01, 50242-070-86",,Yes,,
444,*,Ofatumumab,Chronic lymphocytic leukemia,,,,,,
445,Lynparza,Olaparib,Prostate cancer,"LYNPARZA- olaparib tablet, film coated","0310-0569-12, 0310-0569-60, 0310-0578-12, 0310-0578-60, 0310-0668-12, 0310-0668-60, 0310-0668-95, 0310-0679-12, 0310-0679-60, 0310-0679-95",,,,Yes
446,*,Olaparib,Pancreatic cancer,"LYNPARZA- olaparib tablet, film coated","0310-0569-12, 0310-0569-60, 0310-0578-12, 0310-0578-60, 0310-0668-12, 0310-0668-60, 0310-0668-95, 0310-0679-12, 0310-0679-60, 0310-0679-95",,,,
447,*,Olaparib,Ovarian epithelial,"LYNPARZA- olaparib tablet, film coated","0310-0569-12, 0310-0569-60, 0310-0578-12, 0310-0578-60, 0310-0668-12, 0310-0668-60, 0310-0668-95, 0310-0679-12, 0310-0679-60, 0310-0679-95",,,,
448,*,Olaparib,primary peritoneal cancer,"LYNPARZA- olaparib tablet, film coated","0310-0569-12, 0310-0569-60, 0310-0578-12, 0310-0578-60, 0310-0668-12, 0310-0668-60, 0310-0668-95, 0310-0679-12, 0310-0679-60, 0310-0679-95",,,,
449,*,Olaparib,Breast cancer,"LYNPARZA- olaparib tablet, film coated","0310-0569-12, 0310-0569-60, 0310-0578-12, 0310-0578-60, 0310-0668-12, 0310-0668-60, 0310-0668-95, 0310-0679-12, 0310-0679-60, 0310-0679-95",,,,
450,*,Olaparib,fallopian tube,"LYNPARZA- olaparib tablet, film coated","0310-0569-12, 0310-0569-60, 0310-0578-12, 0310-0578-60, 0310-0668-12, 0310-0668-60, 0310-0668-95, 0310-0679-12, 0310-0679-60, 0310-0679-95",,,,
451,*,Olutasidenib,Acute myeloid leukemia,REZLIDHIA- olutasidenib capsule,71332-005-01,,,,
452,*,Omacetaxine Mepesuccinate,Chronic myelogenous leukemia,,,,,,
453,*,Ondansetron Hydrochloride,Nausea,,,,,,
454,*,Ondansetron Hydrochloride,vomiting,,,,,,
455,EGFR,Osimertinib Mesylate,Non-small cell lung cancer,"TAGRISSO- osimertinib tablet, film coated","0310-1248-30, 0310-1251-30, 0310-1349-30, 0310-1350-30, 0310-1350-95, 0310-1350-99",,,,
456,*,Oxaliplatin,Colorectal cancer,,,,,,
457,*,Oxaliplatin,Stage III colon cancer,,,,,,
458,*,Paclitaxel,Non-small cell lung cancer,,,,,,
459,*,Paclitaxel,Ovarian cancer,,,,,,
460,*,Paclitaxel,Breast cancer,,,,,,
461,*,Paclitaxel,AIDS-related Kaposi sarcoma,,,,,,
462,*,Pacritinib Citrate,Myelofibrosis,VONJO- pacritinib capsule,72482-100-12,,,,
463,*,Palbociclib,Breast cancer,IBRANCE- palbociclib capsule,"0069-0187-21, 0069-0188-21, 0069-0189-21",,,,
464,*,Palifermin,Oral mucositis,"KEPIVANCE- palifermin injection, powder, lyophilized, for solution","66658-113-01, 66658-113-03",,,,
465,*,Palonosetron Hydrochloride,Nausea,,,,,,
466,*,Palonosetron Hydrochloride,vomiting,,,,,,
467,*,Pamidronate Disodium,hypercalcemia,,,,,,
468,*,Pamidronate Disodium,multiple myeloma,,,,,,
469,*,Pamidronate Disodium,breast cancer,,,,,,
470,*,Panitumumab,Colorectal cancer,VECTIBIX- panitumumab solution,"55513-954-01, 55513-954-21, 55513-956-01, 55513-956-21",,,,
471,*,Pazopanib Hydrochloride,Renal cell carcinoma,"VOTRIENT- pazopanib hydrochloride tablet, film coated",0078-1077-66,,,,Yes
472,*,Pazopanib Hydrochloride,Soft tissue sarcoma,"VOTRIENT- pazopanib hydrochloride tablet, film coated",0078-1077-66,,,,Yes
473,*,Pegaspargase,Acute lymphoblastic leukemia,,,,,,
474,*,Pegfilgrastim,Neutropenia,NEULASTA- pegfilgrastim kit,"55513-099-01, 55513-190-01, 55513-192-01",,,,
475,*,Pembrolizumab,Cutaneous squamous cell carcinoma,"KEYTRUDA- pembrolizumab injection, powder, lyophilized, for solution","0006-3026-01, 0006-3026-02, 0006-3026-04, 0006-3029-01, 0006-3029-02",,,,Yes
476,*,Pembrolizumab,Primary mediastinal large B-cell lymphoma,"KEYTRUDA- pembrolizumab injection, powder, lyophilized, for solution","0006-3026-01, 0006-3026-02, 0006-3026-04, 0006-3029-01, 0006-3029-02",,,,
477,*,Pembrolizumab,Urothelial carcinoma,"KEYTRUDA- pembrolizumab injection, powder, lyophilized, for solution","0006-3026-01, 0006-3026-02, 0006-3026-04, 0006-3029-01, 0006-3029-02",,,,
478,*,Pembrolizumab,Classic Hodgkin lymphoma,"KEYTRUDA- pembrolizumab injection, powder, lyophilized, for solution","0006-3026-01, 0006-3026-02, 0006-3026-04, 0006-3029-01, 0006-3029-02",,,,
479,*,Pembrolizumab,Melanoma,"KEYTRUDA- pembrolizumab injection, powder, lyophilized, for solution","0006-3026-01, 0006-3026-02, 0006-3026-04, 0006-3029-01, 0006-3029-02",,,,Yes
480,*,Pembrolizumab,Microsatellite instability-high (MSI-H) or mismatch repair deficient (dMMR) cancer,"KEYTRUDA- pembrolizumab injection, powder, lyophilized, for solution","0006-3026-01, 0006-3026-02, 0006-3026-04, 0006-3029-01, 0006-3029-02",,,,
481,PD-L1,Pembrolizumab,Breast cancer,"KEYTRUDA- pembrolizumab injection, powder, lyophilized, for solution","0006-3026-01, 0006-3026-02, 0006-3026-04, 0006-3029-01, 0006-3029-02",,,,Yes
482,*,Pembrolizumab,Malignant pleural mesothelioma,"KEYTRUDA- pembrolizumab injection, powder, lyophilized, for solution","0006-3026-01, 0006-3026-02, 0006-3026-04, 0006-3029-01, 0006-3029-02",,Yes,,Yes
483,*,Pembrolizumab,gastroesophageal junction adenocarcinoma,"KEYTRUDA- pembrolizumab injection, powder, lyophilized, for solution","0006-3026-01, 0006-3026-02, 0006-3026-04, 0006-3029-01, 0006-3029-02",,,,
484,*,Pembrolizumab,Endometrial carcinoma,"KEYTRUDA- pembrolizumab injection, powder, lyophilized, for solution","0006-3026-01, 0006-3026-02, 0006-3026-04, 0006-3029-01, 0006-3029-02",,,,Yes
485,*,Pembrolizumab,Merkel cell carcinoma,"KEYTRUDA- pembrolizumab injection, powder, lyophilized, for solution","0006-3026-01, 0006-3026-02, 0006-3026-04, 0006-3029-01, 0006-3029-02",,,,Yes
486,*,Pembrolizumab, gastroesophageal junction cancer,"KEYTRUDA- pembrolizumab injection, powder, lyophilized, for solution","0006-3026-01, 0006-3026-02, 0006-3026-04, 0006-3029-01, 0006-3029-02",,,,
487,*,Pembrolizumab,Squamous cell carcinoma of the head and neck,"KEYTRUDA- pembrolizumab injection, powder, lyophilized, for solution","0006-3026-01, 0006-3026-02, 0006-3026-04, 0006-3029-01, 0006-3029-02",,,,
488,PD-L1,Pembrolizumab,Cervical cancer,"KEYTRUDA- pembrolizumab injection, powder, lyophilized, for solution","0006-3026-01, 0006-3026-02, 0006-3026-04, 0006-3029-01, 0006-3029-02",,,,Yes
489,"PD-L1, CPS ≥ 1",Pembrolizumab,Esophageal,"KEYTRUDA- pembrolizumab injection, powder, lyophilized, for solution","0006-3026-01, 0006-3026-02, 0006-3026-04, 0006-3029-01, 0006-3029-02",,,,Yes
490,*,Pembrolizumab,Solid tumors,"KEYTRUDA- pembrolizumab injection, powder, lyophilized, for solution","0006-3026-01, 0006-3026-02, 0006-3026-04, 0006-3029-01, 0006-3029-02",,,,
491,"PD-L1, EGFR, ALK",Pembrolizumab,Non-small cell lung cancer,"KEYTRUDA- pembrolizumab injection, powder, lyophilized, for solution","0006-3026-01, 0006-3026-02, 0006-3026-04, 0006-3029-01, 0006-3029-02",,Yes,,Yes
492,*,Pembrolizumab,Biliary tract cancer,"KEYTRUDA- pembrolizumab injection, powder, lyophilized, for solution","0006-3026-01, 0006-3026-02, 0006-3026-04, 0006-3029-01, 0006-3029-02",,,,Yes
493,*,Pembrolizumab,Gastric (stomach) cancer,"KEYTRUDA- pembrolizumab injection, powder, lyophilized, for solution","0006-3026-01, 0006-3026-02, 0006-3026-04, 0006-3029-01, 0006-3029-02",,,,
494,*,Pembrolizumab,Renal cell carcinoma,"KEYTRUDA- pembrolizumab injection, powder, lyophilized, for solution","0006-3026-01, 0006-3026-02, 0006-3026-04, 0006-3029-01, 0006-3029-02",,Yes,,Yes
495,*,Pembrolizumab,Hepatocellular carcinoma,"KEYTRUDA- pembrolizumab injection, powder, lyophilized, for solution","0006-3026-01, 0006-3026-02, 0006-3026-04, 0006-3029-01, 0006-3029-02",,,,
496,*,Pemetrexed Disodium,Nonsquamous non-small cell lung cancer,"ALIMTA- pemetrexed disodium injection, powder, lyophilized, for solution","0002-7623-01, 0002-7640-01",,,,
497,*,Pemetrexed Disodium,Malignant pleural mesothelioma,"ALIMTA- pemetrexed disodium injection, powder, lyophilized, for solution","0002-7623-01, 0002-7640-01",,,,
498,"FGFR2, fibroblast growth factor receptor 2, PEMAZYRE",Pemigatinib,Cholangiocarcinoma,PEMAZYRE- pemigatinib tablet,"50881-026-01, 50881-027-01, 50881-028-01",,,Yes,Yes
499,*,Pemigatinib,Myeloid,PEMAZYRE- pemigatinib tablet,"50881-026-01, 50881-027-01, 50881-028-01",,,,
500,*,Pemigatinib,lymphoid,PEMAZYRE- pemigatinib tablet,"50881-026-01, 50881-027-01, 50881-028-01",,,,
501,*,Penpulimab-kcqx,Nasopharyngeal carcinoma,PENPULIMAB KCQX- penpulimab injection,83654-105-01,,,,
502,*,Pertuzumab,Breast cancer,"PERJETA- pertuzumab injection, solution, concentrate",50242-145-01,,,,Yes
503,*,"Pertuzumab, Trastuzumab, and Hyaluronidase-zzxf",Breast cancer,"PHESGO- pertuzumab, trastuzumab, and hyaluronidase-zzxf injection, solution","50242-245-01, 50242-245-86, 50242-260-01, 50242-260-86",,,,Yes
504,*,Pexidartinib Hydrochloride,Tenosynovial giant cell tumor,,,,,,
505,*,Pirtobrutinib,Chronic lymphocytic leukemia  or small lymphocytic lymphoma,"JAYPIRCA- pirtobrutinib tablet, coated","0002-6902-30, 0002-7026-60, 0002-7026-99",,,,
506,BTK,Pirtobrutinib,Mantle cell lymphoma,"JAYPIRCA- pirtobrutinib tablet, coated","0002-6902-30, 0002-7026-60, 0002-7026-99",,,Yes,
507,*,Plerixafor,Multiple myeloma,,,,,,
508,*,Plerixafor,Non-Hodgkin lymphoma,,,,,,
509,*,Polatuzumab Vedotin-piiq,Diffuse large B-cell lymphoma (DLBCL),"POLIVY- polatuzumab vedotin injection, powder, lyophilized, for solution","50242-103-01, 50242-105-01",,,,
510,*,Pomalidomide,Kaposi sarcoma,POMALYST- pomalidomide capsule,"59572-501-00, 59572-501-21, 59572-502-00, 59572-502-21, 59572-503-00, 59572-503-21, 59572-504-00, 59572-504-21",,,Yes,
511,*,Pomalidomide,Multiple myeloma,POMALYST- pomalidomide capsule,"59572-501-00, 59572-501-21, 59572-502-00, 59572-502-21, 59572-503-00, 59572-503-21, 59572-504-00, 59572-504-21",,,,
512,*,Pomalidomide,AIDS-related Kaposi sarcoma,POMALYST- pomalidomide capsule,"59572-501-00, 59572-501-21, 59572-502-00, 59572-502-21, 59572-503-00, 59572-503-21, 59572-504-00, 59572-504-21",,,,
513,*,Ponatinib Hydrochloride,Acute lymphoblastic leukemia,"ICLUSIG- ponatinib hydrochloride tablet, film coated","63020-533-30, 63020-534-30, 63020-535-30, 63020-535-60, 63020-536-30",,,,
514,*,Ponatinib Hydrochloride,Chronic myelogenous leukemia,"ICLUSIG- ponatinib hydrochloride tablet, film coated","63020-533-30, 63020-534-30, 63020-535-30, 63020-535-60, 63020-536-30",,,,
515,*,Pralatrexate,Peripheral T-cell lymphoma,,,,,,
516,*,Pralsetinib,Non-small cell lung cancer,,,,,,
517,*,Pralsetinib,Thyroid cancer,,,,,,
518,*,Prednisone,Acute lymphoblastic leukemia,,,,,,
519,*,Prednisone,Anemia,,,,,,
520,*,Prednisone,Thrombocytopenia,,,,,,
521,*,Prednisone,Hypercalcemia,,,,,,
522,*,Prednisone,Hodgkin lymphoma,,,,,,
523,*,Prednisone,Drug hypersensitivity,,,,,,
524,*,Prednisone,Chronic lymphocytic leukemia,,,,,,
525,*,Prednisone,acute myeloid leukemia,,,,,,
526,*,Prednisone,Non-Hodgkin lymphoma,,,,,,
527,*,Prednisone,Mycosis fungoides,,,,,,
528,*,Prednisone,chronic myelogenous leukemia,,,,,,
529,*,Procarbazine Hydrochloride,Hodgkin lymphoma,,,,,,
530,*,Propranolol Hydrochloride,Infantile hemangioma,,,,,,
531,*,Quizartinib Dihydrochloride,Acute myeloid leukemia,"VANFLYTA- quizartinib tablet, film coated","65597-504-04, 65597-504-28, 65597-511-04, 65597-511-28",,,,
532,*,Radium 223 Dichloride,Prostate cancer,XOFIGO- radium ra 223 dichloride injection,50419-208-01,,,,
533,*,Raloxifene Hydrochloride,Osteoporosis,,,,,,
534,*,Raloxifene Hydrochloride,Breast cancer,,,,,,
535,*,Ramucirumab,gastroesophageal junction adenocarcinoma,CYRAMZA- ramucirumab solution,"0002-7669-01, 0002-7678-01",,,,
536,*,Ramucirumab,Stomach adenocarcinoma,CYRAMZA- ramucirumab solution,"0002-7669-01, 0002-7678-01",,,,
537,"EGFR, ALK, epidermal growth factor receptor",Ramucirumab,Non-small cell lung cancer,CYRAMZA- ramucirumab solution,"0002-7669-01, 0002-7678-01",,Yes,,Yes
538,*,Ramucirumab,Colorectal cancer,CYRAMZA- ramucirumab solution,"0002-7669-01, 0002-7678-01",,,,Yes
539,AFP,Ramucirumab,Hepatocellular carcinoma,CYRAMZA- ramucirumab solution,"0002-7669-01, 0002-7678-01",,,,
540,*,Rasburicase,Tumor lysis syndrome,ELITEK- rasburicase kit,"0024-5150-10, 0024-5151-75, 0024-5152-11, 0024-5153-74, 0024-5154-11, 0024-5155-74",,,,
541,*,Rasburicase,High levels of uric acid in the blood,ELITEK- rasburicase kit,"0024-5150-10, 0024-5151-75, 0024-5152-11, 0024-5153-74, 0024-5154-11, 0024-5155-74",,,,
542,Shiga toxin,Ravulizumab-cwvz,Atypical hemolytic uremic syndrome,"ULTOMIRIS- ravulizumab solution, concentrate","25682-022-01, 25682-025-01, 25682-028-01",,,,
543,*,Ravulizumab-cwvz,Paroxysmal nocturnal hemoglobinuria,"ULTOMIRIS- ravulizumab solution, concentrate","25682-022-01, 25682-025-01, 25682-028-01",,,,
544,*,Recombinant Human Papillomavirus (HPV) Nonavalent Vaccine,Cervical cancer,"GARDASIL 9- human papillomavirus 9-valent vaccine, recombinant injection, suspension","0006-4119-01, 0006-4119-03, 0006-4121-01, 0006-4121-02",,,,
545,*,Recombinant Human Papillomavirus (HPV) Nonavalent Vaccine,Vaginal cancer,"GARDASIL 9- human papillomavirus 9-valent vaccine, recombinant injection, suspension","0006-4119-01, 0006-4119-03, 0006-4121-01, 0006-4121-02",,,,
546,*,Recombinant Human Papillomavirus (HPV) Nonavalent Vaccine,Lesions,"GARDASIL 9- human papillomavirus 9-valent vaccine, recombinant injection, suspension","0006-4119-01, 0006-4119-03, 0006-4121-01, 0006-4121-02",,,,
547,*,Recombinant Human Papillomavirus (HPV) Nonavalent Vaccine,Anal cancer,"GARDASIL 9- human papillomavirus 9-valent vaccine, recombinant injection, suspension","0006-4119-01, 0006-4119-03, 0006-4121-01, 0006-4121-02",,,,
548,*,Recombinant Human Papillomavirus (HPV) Nonavalent Vaccine,Vulvar cancer,"GARDASIL 9- human papillomavirus 9-valent vaccine, recombinant injection, suspension","0006-4119-01, 0006-4119-03, 0006-4121-01, 0006-4121-02",,,,
549,*,Recombinant Human Papillomavirus (HPV) Nonavalent Vaccine,Head and neck cancer,"GARDASIL 9- human papillomavirus 9-valent vaccine, recombinant injection, suspension","0006-4119-01, 0006-4119-03, 0006-4121-01, 0006-4121-02",,,,
550,*,Recombinant Human Papillomavirus (HPV) Nonavalent Vaccine,Genital warts,"GARDASIL 9- human papillomavirus 9-valent vaccine, recombinant injection, suspension","0006-4119-01, 0006-4119-03, 0006-4121-01, 0006-4121-02",,,,
551,*,Recombinant Human Papillomavirus (HPV) Quadrivalent Vaccine,Cervical cancer,,,,,,
552,*,Recombinant Human Papillomavirus (HPV) Quadrivalent Vaccine,Lesions,,,,,,
553,*,Recombinant Human Papillomavirus (HPV) Quadrivalent Vaccine,Vaginal cancer,,,,,,
554,*,Recombinant Human Papillomavirus (HPV) Quadrivalent Vaccine,Anal cancer,,,,,,
555,*,Recombinant Human Papillomavirus (HPV) Quadrivalent Vaccine,Vulvar cancer,,,,,,
556,*,Recombinant Human Papillomavirus (HPV) Quadrivalent Vaccine,Genital warts,,,,,,
557,*,Recombinant Interferon Alfa-2b,Melanoma,,,,,,
558,*,Recombinant Interferon Alfa-2b,Hairy cell leukemia,,,,,,
559,*,Recombinant Interferon Alfa-2b,AIDS-related Kaposi sarcoma,,,,,,
560,*,Recombinant Interferon Alfa-2b,Genital warts,,,,,,
561,*,Recombinant Interferon Alfa-2b,Follicular lymphoma,,,,,,
562,STIVARGA,Regorafenib,Gastrointestinal stromal tumor,"STIVARGA- regorafenib tablet, film coated","50419-171-00, 50419-171-01, 50419-171-03, 50419-171-04, 50419-171-05, 50419-171-06",,,,Yes
563,"STIVARGA, anti-VEGF",Regorafenib,Colorectal cancer,"STIVARGA- regorafenib tablet, film coated","50419-171-00, 50419-171-01, 50419-171-03, 50419-171-04, 50419-171-05, 50419-171-06",,,,Yes
564,STIVARGA,Regorafenib,Hepatocellular carcinoma,"STIVARGA- regorafenib tablet, film coated","50419-171-00, 50419-171-01, 50419-171-03, 50419-171-04, 50419-171-05, 50419-171-06",,,,
565,*,Relugolix,Prostate cancer,"ORGOVYX- relugolix tablet, film coated","72974-120-01, 72974-120-95, 72974-120-97",,,,
566,*,Repotrectinib,Non-small cell lung cancer,AUGTYRO- repotrectinib capsule,"0003-4040-12, 0003-4040-60, 0003-4160-14, 0003-4160-60",,,,
567,*,Repotrectinib,Solid tumors,AUGTYRO- repotrectinib capsule,"0003-4040-12, 0003-4040-60, 0003-4160-14, 0003-4160-60",,,,
568,*,Retifanlimab-dlwr,Merkel cell carcinoma,ZYNYZ- retifanlimab-dlwr injection,50881-006-03,,,,Yes
569,*,Revumenib Citrate,acute leukemia,"REVUFORJ- revumenib tablet, film coated","73555-500-00, 73555-501-00, 73555-502-00",,,,
570,*,Ribociclib Succinate,breast cancer,"KISQALI- ribociclib tablet, film coated","0078-0860-01, 0078-0867-14, 0078-0867-42, 0078-0874-21, 0078-0874-63",,,,
571,*,Ribociclib Succinate and Letrozole,breast cancer,KISQALI FEMARA CO-PACK- letrozole and ribociclib kit,"0078-0881-50, 0078-0888-21, 0078-0895-14, 0078-0902-21, 0078-0909-61, 0078-0916-61, 0078-0923-61",,,,Yes
572,*,Ripretinib,Gastrointestinal stromal tumor,QINLOCK- ripretinib tablet,"73207-101-30, 73207-101-31",,,,
573,*,Rituximab,Chronic lymphocytic leukemia,"RITUXAN- rituximab injection, solution","50242-051-10, 50242-051-21, 50242-053-06",,Yes,,
574,*,Rituximab,B-cell non-Hodgkin lymphoma,"RITUXAN- rituximab injection, solution","50242-051-10, 50242-051-21, 50242-053-06",,,,
575,*,Rituximab,B-cell acute leukemia,"RITUXAN- rituximab injection, solution","50242-051-10, 50242-051-21, 50242-053-06",,,,
576,*,Rituximab and Hyaluronidase Human,Chronic lymphocytic leukemia,"RITUXAN HYCELA- rituximab and hyaluronidase injection, solution","50242-108-01, 50242-108-86, 50242-109-01",,Yes,,
577,*,Rituximab and Hyaluronidase Human,Diffuse large B-cell lymphoma,"RITUXAN HYCELA- rituximab and hyaluronidase injection, solution","50242-108-01, 50242-108-86, 50242-109-01",,Yes,,
578,*,Rituximab and Hyaluronidase Human,Follicular lymphoma,"RITUXAN HYCELA- rituximab and hyaluronidase injection, solution","50242-108-01, 50242-108-86, 50242-109-01",,Yes,,
579,*,Rolapitant Hydrochloride,Nausea,,,,,,
580,*,Rolapitant Hydrochloride,vomiting,,,,,,
581,*,Romidepsin,Cutaneous T-cell lymphoma,,,,,,
582,*,Romiplostim,Thrombocytopenia,"NPLATE- romiplostim injection, powder, lyophilized, for solution","55513-221-01, 55513-221-21, 55513-222-01, 55513-222-21, 55513-223-01, 55513-223-21",,,,
583,*,Ropeginterferon Alfa-2b-njft,Polycythemia vera,BESREMI- ropeginterferon alfa-2b injection,73536-500-01,,,,
584,*,Rucaparib Camsylate,Prostate cancer,,,,,,
585,*,Rucaparib Camsylate,Ovarian epithelial,,,,,,
586,*,Rucaparib Camsylate,primary peritoneal cancer,,,,,,
587,*,Rucaparib Camsylate,fallopian tube,,,,,,
588,*,Ruxolitinib Phosphate,polycythemia vera,JAKAFI- ruxolitinib tablet,"50881-005-60, 50881-010-01, 50881-010-60, 50881-015-60, 50881-020-60, 50881-025-60",,,,
589,MF,Ruxolitinib Phosphate,myelofibrosis,JAKAFI- ruxolitinib tablet,"50881-005-60, 50881-010-01, 50881-010-60, 50881-015-60, 50881-020-60, 50881-025-60",,,,
590,TRODELVY,Sacituzumab Govitecan-hziy,breast cancer,"TRODELVY- sacituzumab govitecan powder, for solution",55135-132-01,,,,Yes
591,*,Selinexor,Multiple myeloma,"XPOVIO- selinexor tablet, film coated","72237-101-03, 72237-101-04, 72237-101-13, 72237-101-14, 72237-102-02, 72237-102-06, 72237-102-07, 72237-102-12, 72237-102-16, 72237-102-17, 72237-103-05, 72237-103-15, 72237-104-01, 72237-104-11, 72237-105-01, 72237-105-11, 72237-106-01, 72237-106-11",,,,
592,*,Selinexor,Diffuse large B-cell lymphoma,"XPOVIO- selinexor tablet, film coated","72237-101-03, 72237-101-04, 72237-101-13, 72237-101-14, 72237-102-02, 72237-102-06, 72237-102-07, 72237-102-12, 72237-102-16, 72237-102-17, 72237-103-05, 72237-103-15, 72237-104-01, 72237-104-11, 72237-105-01, 72237-105-11, 72237-106-01, 72237-106-11",,,Yes,
593,*,Selpercatinib,Non-small cell lung cancer,RETEVMO- selpercatinib capsule,"0002-2980-26, 0002-2980-60, 0002-3977-60, 0002-5340-60, 0002-5562-60, 0002-6082-60, 0002-6120-60",,,,
594,*,Selpercatinib,Thyroid cancer,RETEVMO- selpercatinib capsule,"0002-2980-26, 0002-2980-60, 0002-3977-60, 0002-5340-60, 0002-5562-60, 0002-6082-60, 0002-6120-60",,,,
595,*,Selpercatinib,Solid tumors,RETEVMO- selpercatinib capsule,"0002-2980-26, 0002-2980-60, 0002-3977-60, 0002-5340-60, 0002-5562-60, 0002-6082-60, 0002-6120-60",,,,
596,*,Selpercatinib,Medullary thyroid cancer,RETEVMO- selpercatinib capsule,"0002-2980-26, 0002-2980-60, 0002-3977-60, 0002-5340-60, 0002-5562-60, 0002-6082-60, 0002-6120-60",,,,
597,*,Selumetinib Sulfate,Neurofibromatosis type 1,KOSELUGO- selumetinib capsule,"0310-0610-28, 0310-0610-60, 0310-0625-28, 0310-0625-60, 0310-0635-60, 0310-0640-60",,,,
598,*,Siltuximab,Multicentric Castleman disease,,,,,,
599,*,Sipuleucel-T,Prostate cancer,PROVENGE- sipuleucel-t injection,"30237-8900-5, 30237-8900-6",,,,
600,*,Sirolimus Protein-Bound Particles,Perivascular epithelioid cell tumors,"FYARRO- sirolimus injection, powder, lyophilized, for suspension",80803-153-50,,,,
601,*,Sonidegib,Basal cell carcinoma,ODOMZO- sonidegib capsule,"47335-303-15, 47335-303-83",,,,
602,*,Sorafenib Tosylate,Renal cell carcinoma,"NEXAVAR- sorafenib tablet, film coated","50419-488-58, 50419-489-01",,,,Yes
603,*,Sorafenib Tosylate,Thyroid cancer,"NEXAVAR- sorafenib tablet, film coated","50419-488-58, 50419-489-01",,,,
604,*,Sorafenib Tosylate,Hepatocellular carcinoma,"NEXAVAR- sorafenib tablet, film coated","50419-488-58, 50419-489-01",,,,
605,KRAS,Sotorasib,non-small cell lung cancer,"LUMAKRAS- sotorasib tablet, coated","55513-488-01, 55513-488-02, 55513-488-24, 55513-488-40, 55513-488-96, 55513-504-50, 55513-512-60",,,Yes,Yes
606,KRAS,Sotorasib,colorectal cancer,"LUMAKRAS- sotorasib tablet, coated","55513-488-01, 55513-488-02, 55513-488-24, 55513-488-40, 55513-488-96, 55513-504-50, 55513-512-60",,,,Yes
607,*,Sunitinib Malate,Gastrointestinal stromal tumor,SUTENT- sunitinib malate capsule,"0069-0550-38, 0069-0770-38, 0069-0830-38, 0069-0980-38",,,,
608,*,Sunitinib Malate,Renal cell carcinoma,SUTENT- sunitinib malate capsule,"0069-0550-38, 0069-0770-38, 0069-0830-38, 0069-0980-38",,,,Yes
609,*,Sunitinib Malate,Pancreatic neuroendocrine tumor,SUTENT- sunitinib malate capsule,"0069-0550-38, 0069-0770-38, 0069-0830-38, 0069-0980-38",,,,Yes
610,*,Tafasitamab-cxix,Diffuse large B-cell lymphoma,"MONJUVI- tafasitamab-cxix injection, powder, lyophilized, for solution",73535-208-01,,,,
611,*,Tagraxofusp-erzs,Blastic plasmacytoid dendritic cell neoplasm,"ELZONRIS- tagraxofusp injection, solution",72187-0401-1,,,,
612,*,Talazoparib Tosylate,Prostate cancer,TALZENNA- talazoparib capsule,"0069-0296-30, 0069-1031-30, 0069-1195-30, 0069-1235-30, 0069-1501-30, 0069-1751-30",,,,Yes
613,*,Talazoparib Tosylate,Breast cancer,TALZENNA- talazoparib capsule,"0069-0296-30, 0069-1031-30, 0069-1195-30, 0069-1235-30, 0069-1501-30, 0069-1751-30",,,,
614,*,Talc,Malignant pleural effusions,"SCLEROSOL- talc aerosol, powder",63256-100-30,,,,
615,*,Talimogene Laherparepvec,Melanoma,"IMLYGIC- talimogene laherparepvec injection, suspension","55513-078-01, 55513-079-01",,,,
616,*,Talquetamab-tgvs,multiple myeloma,TALVEY- talquetamab injection,"57894-469-01, 57894-470-01",,,,
617,*,Tamoxifen Citrate,Ductal carcinoma in situ,,,,,,
618,*,Tamoxifen Citrate,Breast cancer,,,,,,
619,*,Tarlatamab-dlle,Small cell lung cancer,IMDELLTRA (AMG757)- tarlatamab-dlle kit,"55513-059-01, 55513-068-01, 55513-069-01, 55513-077-01, 55513-103-01",,,,
620,*,Tazemetostat Hydrobromide,Epithelioid sarcoma,"TAZVERIK- tazemetostat tablet, film coated",72607-100-00,,,Yes,Yes
621,"EZH2, FL",Tazemetostat Hydrobromide,Follicular lymphoma,"TAZVERIK- tazemetostat tablet, film coated",72607-100-00,,,Yes,
622,*,Tebentafusp-tebn,uveal melanoma,"KIMMTRAK- tebentafusp injection, solution, concentrate",80446-401-01,,,,
623,*,Teclistamab-cqyv,Multiple myeloma,TECVAYLI- teclistamab-cqyv injection,"57894-449-01, 57894-450-01",,,,
624,*,Temozolomide,Anaplastic astrocytoma,,,,,,
625,*,Temozolomide,Glioblastoma multiforme,,,,,,
626,*,Temsirolimus,Renal cell carcinoma,TORISEL- temsirolimus kit,"0008-1125-01, 0008-1179-01, 0008-1279-01",,,,
627,*,Tepotinib Hydrochloride,Non-small cell lung cancer,TEPMETKO- tepotinib hydrochloride tablet,"44087-5000-3, 44087-5000-6",,,,
628,*,Thalidomide,Multiple myeloma,THALOMID- thalidomide capsule,"59572-205-14, 59572-205-17, 59572-205-94, 59572-205-97, 59572-210-15, 59572-210-95, 59572-215-13, 59572-215-93, 59572-220-16, 59572-220-96",,,,
629,*,Thioguanine,Acute myeloid leukemia,,,,,,
630,*,Thiotepa,malignant peritoneal effusion,,,,,,
631,*,Thiotepa,Breast cancer,,,,,,
632,*,Thiotepa,Malignant pleural effusion,,,,,,
633,*,Thiotepa,Ovarian cancer,,,,,,
634,*,Thiotepa,Bladder cancer,,,,,,
635,*,Thiotepa,malignant pericardial effusion,,,,,,
636,*,Tisagenlecleucel,B-cell acute lymphoblastic leukemia,"KYMRIAH- tisagenlecleucel injection, suspension","0078-0846-19, 0078-0958-19",,,,
637,*,Tisagenlecleucel,B-cell non-Hodgkin lymphoma,"KYMRIAH- tisagenlecleucel injection, suspension","0078-0846-19, 0078-0958-19",,,,
638,"PD-L1, TEVIMBRA",Tislelizumab-jsgr,Esophageal cancer,"TEVIMBRA- tislelizumab-jsgr injection, solution, concentrate",72579-121-01,,Yes,,Yes
639,*,Tislelizumab-jsgr,Gastric adenocarcinoma,"TEVIMBRA- tislelizumab-jsgr injection, solution, concentrate",72579-121-01,,,,
640,*,Tislelizumab-jsgr,gastroesophageal junction adenocarcinoma,"TEVIMBRA- tislelizumab-jsgr injection, solution, concentrate",72579-121-01,,,,
641,*,Tisotumab Vedotin-tftv,Cervical cancer,"TIVDAK- tisotumab vedotin injection, powder, for solution",51144-003-01,,,,
642,*,Tivozanib Hydrochloride,Renal cell carcinoma,FOTIVDA- tivozanib capsule,"45629-089-01, 45629-089-02, 45629-134-01, 45629-134-02",,,,
643,*,Topotecan Hydrochloride,Ovarian cancer,,,,,,
644,*,Topotecan Hydrochloride,Cervical cancer,,,,,,
645,*,Topotecan Hydrochloride,Small cell lung cancer,,,,,,
646,*,Toremifene Citrate,Breast cancer,FARESTON- toremifene citrate tablet,"42747-327-30, 42747-327-72",,,,
647,*,Tovorafenib,Glioma,OJEMDA- tovorafenib kit,"82950-001-04, 82950-001-05, 82950-001-06, 82950-001-16, 82950-001-20, 82950-001-24, 82950-012-01, 82950-112-10",,,,
648,*,Trabectedin,liposarcoma,"YONDELIS- trabectedin injection, powder, lyophilized, for solution",59676-610-01,,,,
649,*,Trabectedin,leiomyosarcoma,"YONDELIS- trabectedin injection, powder, lyophilized, for solution",59676-610-01,,,,
650,BRAF,Trametinib Dimethyl Sulfoxide,Melanoma,"MEKINIST- trametinib tablet, film coated","0078-1105-15, 0078-1112-15, 0078-1112-94, 0078-1161-47",,,,Yes
651,BRAF,Trametinib Dimethyl Sulfoxide,Anaplastic thyroid cancer,"MEKINIST- trametinib tablet, film coated","0078-1105-15, 0078-1112-15, 0078-1112-94, 0078-1161-47",,,,Yes
652,BRAF,Trametinib Dimethyl Sulfoxide,Glioma,"MEKINIST- trametinib tablet, film coated","0078-1105-15, 0078-1112-15, 0078-1112-94, 0078-1161-47",,,,
653,BRAF,Trametinib Dimethyl Sulfoxide,Solid tumors,"MEKINIST- trametinib tablet, film coated","0078-1105-15, 0078-1112-15, 0078-1112-94, 0078-1161-47",,,Yes,Yes
654,*,Trametinib Dimethyl Sulfoxide,Non-small cell lung cancer,"MEKINIST- trametinib tablet, film coated","0078-1105-15, 0078-1112-15, 0078-1112-94, 0078-1161-47",,,,
655,*,Trastuzumab,Stomach adenocarcinoma,"HERCEPTIN- trastuzumab injection, powder, lyophilized, for solution","50242-132-01, 50242-132-10",,,,
656,*,Trastuzumab,gastroesophageal junction adenocarcinoma,"HERCEPTIN- trastuzumab injection, powder, lyophilized, for solution","50242-132-01, 50242-132-10",,,,
657,"ER/PR, HER2",Trastuzumab,Breast cancer,"HERCEPTIN- trastuzumab injection, powder, lyophilized, for solution","50242-132-01, 50242-132-10",,Yes,,Yes
658,"ER/PR, HER2",Trastuzumab and Hyaluronidase-oysk,Breast cancer,"HERCEPTIN HYLECTA- trastuzumab and hyaluronidase-oysk injection, solution",50242-077-01,,Yes,,Yes
659,"EGFR, ALK, epidermal growth factor receptor",Tremelimumab-actl,Non-small cell lung cancer,"IMJUDO- tremelimumab injection, solution","0310-4505-25, 0310-4535-30",,,,Yes
660,*,Tremelimumab-actl,Hepatocellular carcinoma,"IMJUDO- tremelimumab injection, solution","0310-4505-25, 0310-4535-30",,,,
661,*,Treosulfan,"
acutemyeloidleukemia
","GRAFAPEX- treosulfan injection, powder, lyophilized, for solution","59137-335-01, 59137-365-01",,,,
662,*,Treosulfan,"
myelodysplasticsyndrome
","GRAFAPEX- treosulfan injection, powder, lyophilized, for solution","59137-335-01, 59137-365-01",,,,
663,*,Trifluridine and Tipiracil Hydrochloride,gastroesophageal junction adenocarcinoma,"LONSURF- trifluridine and tipiracil tablet, film coated","64842-1020-1, 64842-1020-2, 64842-1020-3, 64842-1025-1, 64842-1025-2, 64842-1025-3",,,,
664,anti-VEGF,Trifluridine and Tipiracil Hydrochloride,Colorectal cancer,"LONSURF- trifluridine and tipiracil tablet, film coated","64842-1020-1, 64842-1020-2, 64842-1020-3, 64842-1025-1, 64842-1025-2, 64842-1025-3",,,,Yes
665,*,Trifluridine and Tipiracil Hydrochloride,Stomach adenocarcinoma,"LONSURF- trifluridine and tipiracil tablet, film coated","64842-1020-1, 64842-1020-2, 64842-1020-3, 64842-1025-1, 64842-1025-2, 64842-1025-3",,,,
666,*,Tucatinib,Colorectal cancer,TUKYSA- tucatinib tablet,"51144-001-60, 51144-002-12, 51144-002-60",,,Yes,Yes
667,*,Tucatinib,Breast cancer,TUKYSA- tucatinib tablet,"51144-001-60, 51144-002-12, 51144-002-60",,,,Yes
668,*,Uridine Triacetate,Overdoses,,,,,,
669,*,Uridine Triacetate,Cardiac (heart) or central nervous system toxicity or other serious side effects,,,,,,
670,*,Vandetanib,Medullary thyroid cancer,"CAPRELSA- vandetanib tablet, film coated","58468-7820-3, 58468-7840-3",,,,
671,BRAF,Vemurafenib,Erdheim-Chester disease,"ZELBORAF- vemurafenib tablet, film coated",50242-090-02,,,,
672,BRAF,Vemurafenib,Melanoma,"ZELBORAF- vemurafenib tablet, film coated",50242-090-02,,,,Yes
673,*,Venetoclax,Chronic lymphocytic leukemia,VENCLEXTA- venetoclax kit,"0074-0561-11, 0074-0561-14, 0074-0566-07, 0074-0566-11, 0074-0576-11, 0074-0576-22, 0074-0576-30, 0074-0576-34, 0074-0579-28",,,,
674,*,Venetoclax,Acute myeloid leukemia,VENCLEXTA- venetoclax kit,"0074-0561-11, 0074-0561-14, 0074-0566-07, 0074-0566-11, 0074-0576-11, 0074-0576-22, 0074-0576-30, 0074-0576-34, 0074-0579-28",,,,
675,*,Venetoclax,small lymphocytic lymphoma,VENCLEXTA- venetoclax kit,"0074-0561-11, 0074-0561-14, 0074-0566-07, 0074-0566-11, 0074-0576-11, 0074-0576-22, 0074-0576-30, 0074-0576-34, 0074-0579-28",,,,
676,*,Vimseltinib Dihydrate,tenosynovial giant cell tumor,ROMVIMZA- vimseltinib capsule,"73207-302-40, 73207-302-41, 73207-303-40, 73207-303-41, 73207-304-40, 73207-304-41",,,,
677,*,Vinblastine Sulfate,Kaposi sarcoma,VINBLASTINE SULFATE injection,63323-278-10,,,,
678,*,Vinblastine Sulfate,Choriocarcinoma,VINBLASTINE SULFATE injection,63323-278-10,,,,
679,*,Vinblastine Sulfate,Testicular germ cell tumors,VINBLASTINE SULFATE injection,63323-278-10,,,,
680,*,Vinblastine Sulfate,Breast cancer,VINBLASTINE SULFATE injection,63323-278-10,,,,
681,*,Vinblastine Sulfate,Hodgkin lymphoma,VINBLASTINE SULFATE injection,63323-278-10,,,,
682,*,Vinblastine Sulfate,Non-Hodgkin lymphoma,VINBLASTINE SULFATE injection,63323-278-10,,,,
683,*,Vinblastine Sulfate,Mycosis fungoides,VINBLASTINE SULFATE injection,63323-278-10,,,,
684,*,Vincristine Sulfate,Hodgkin lymphoma,,,,,,
685,*,Vincristine Sulfate,Wilms tumor,,,,,,
686,*,Vincristine Sulfate,Acute leukemia,,,,,,
687,*,Vincristine Sulfate,Rhabdomyosarcoma,,,,,,
688,*,Vincristine Sulfate,Neuroblastoma,,,,,,
689,*,Vincristine Sulfate,Non-Hodgkin lymphoma,,,,,,
690,*,Vinorelbine Tartrate,Non-small cell lung cancer,,,,,,
691,*,Vismodegib,Basal cell carcinoma,ERIVEDGE- vismodegib capsule,"50242-140-01, 50242-140-86",,,,
692,*,Vorasidenib Citrate,astrocytoma,"VORANIGO- vorasidenib tablet, film coated","72694-728-40, 72694-879-10",,,,
693,*,Vorasidenib Citrate,oligodendroglioma,"VORANIGO- vorasidenib tablet, film coated","72694-728-40, 72694-879-10",,,,
694,*,Vorinostat,Cutaneous T-cell lymphoma,ZOLINZA- vorinostat capsule,0006-0568-40,,,,
695,*,Zanidatamab-hrii,biliary tract cancer,"ZIIHERA- zanidatamab-hrii injection, powder, lyophilized, for solution","68727-950-01, 68727-950-02",,,,
696,*,Zanubrutinib,Mantle cell lymphoma,BRUKINSA- zanubrutinib capsule,"72579-011-01, 72579-011-02, 72579-122-01",,,Yes,
697,*,Zanubrutinib,Chronic lymphocytic leukemia or small lymphocytic lymphoma,BRUKINSA- zanubrutinib capsule,"72579-011-01, 72579-011-02, 72579-122-01",,,,
698,*,Zanubrutinib,Waldenström macroglobulinemia,BRUKINSA- zanubrutinib capsule,"72579-011-01, 72579-011-02, 72579-122-01",,,,
699,*,Zanubrutinib,Marginal zone lymphoma,BRUKINSA- zanubrutinib capsule,"72579-011-01, 72579-011-02, 72579-122-01",,,Yes,
700,*,Zanubrutinib,Follicular lymphoma,BRUKINSA- zanubrutinib capsule,"72579-011-01, 72579-011-02, 72579-122-01",,,Yes,
701,*,Zenocutuzumab-zbco,"
pancreaticadenocarcinoma
",BIZENGRI- zenocutuzumab injection,"83077-100-01, 83077-100-02",,,,
702,*,Zenocutuzumab-zbco,"
non-smallcelllungcancer
",BIZENGRI- zenocutuzumab injection,"83077-100-01, 83077-100-02",,,,
703,*,Ziv-Aflibercept,Colorectal cancer,"ZALTRAP- ziv-aflibercept solution, concentrate","0024-5840-01, 0024-5840-03, 0024-5841-01",,,,
704,*,Zolbetuximab-clzb,stomach (gastric) cancer,"VYLOY- zolbetuximab injection, powder, for suspension","0469-3425-10, 0469-4425-30",,,,
705,*,Zolbetuximab-clzb,gastroesophageal junction cancer,"VYLOY- zolbetuximab injection, powder, for suspension","0469-3425-10, 0469-4425-30",,,,
706,*,Zoledronic Acid,hypercalcemia,,,,,,
707,*,Zoledronic Acid,multiple myeloma,,,,,,
